track_id,selection_status,backup_rank,display_name,event_name,series,event_tier,event_year,round,venue_name,city,country_or_region,iso_country_code,atlas_region,venue_type,course_variant,direction,course_segment,route_source_tier,route_source_url,second_route_tier,second_route_url,selection_score,evidence_status,production_clearance,replacement_for,evidence_conflicts,confidence_notes
jp-maibara-okuibuki-motor-park-d1gp-2024,selected,,D1GP 2024 — Okuibuki Motor Park,D1GP Rd.1,D1GP,international_continental_top,2024,Rd.1,Okuibuki Motor Park,Maibara,Japan,JP,Japan,parking,D1GP parking-course layout,access-road start → downhill acceleration → right-hand entry → outer-perimeter judged transitions → finish,"Start at the access road to Parking Area 3, descend through the acceleration zone, right-angle right, outer perimeter, then the documented multi-transition judged section to finish.",S,https://d1gp.co.jp/15856/,,,96,source-threshold-met,pending-independent-blind-review,,,Course direction is evidenced by the run sequence; compass bearing and marker coordinates remain a production-stage transcription task.
jp-shimotsuma-tsukuba-circuit-d1gp-2024,selected,,D1GP 2024 — Tsukuba Circuit,D1GP Rd.3,D1GP,international_continental_top,2024,Rd.3,Tsukuba Circuit,Shimotsuma,Japan,JP,Japan,permanent,Course 2000 event judged sector,"start-to-finish sequence shown by the cited competition run; open judged course, so whole-lap CW/CCW is not applicable",event-specific judged segment shown in the cited competition source; not the venue full-lap map,S,https://www.youtube.com/watch?v=kB6VwFqN0N8,,,91,source-threshold-met,pending-independent-blind-review,,,Course direction is evidenced by the run sequence; compass bearing and marker coordinates remain a production-stage transcription task.
jp-nihonmatsu-ebisu-circuit-west-course-d1gp-2024,selected,,D1GP 2024 — Ebisu Circuit West Course,D1GP Rd.5,D1GP,international_continental_top,2024,Rd.5,Ebisu Circuit West Course,Nihonmatsu,Japan,JP,Japan,permanent,West Course S-transition judged sector,event start → constrained straight/feint → Turn 1 outer zone → West Course judged continuation → finish,"West Course judged section: straight constrained to force an S-like feint before Turn 1, continuing through the documented hairpin-zone sequence.",S,https://d1gp.co.jp/18500/,,,95,source-threshold-met,pending-independent-blind-review,,,Course direction is evidenced by the run sequence; compass bearing and marker coordinates remain a production-stage transcription task.
jp-hita-autopolis-d1gp-2024,selected,,D1GP 2024 — Autopolis,D1GP Rd.7,D1GP,international_continental_top,2024,Rd.7,Autopolis,Hita,Japan,JP,Japan,permanent,reverse main-straight/final-corner sector,main straight in reverse venue direction → final corner → uphill exit finish,"Reverse-direction sector starting on the main straight, using the final corner, and finishing on corner exit.",S,https://d1gp.co.jp/18869/,,,96,source-threshold-met,pending-independent-blind-review,,,Course direction is evidenced by the run sequence; compass bearing and marker coordinates remain a production-stage transcription task.
jp-tokyo-odaiba-special-venue-d1gp-2024,selected,,D1GP 2024 — Odaiba Special Venue,D1GP Rd.9,D1GP,international_continental_top,2024,Rd.9,Odaiba Special Venue,Tokyo,Japan,JP,Japan,parking,2024 NOP-area temporary course,start → right acceleration corner → short straight/initiation → outer arc → low-speed transition → final corner → finish,"Temporary Odaiba course: immediate right acceleration corner, short straight, initiation, large outer-perimeter arc, low-speed transition, final corner and finish.",S,https://d1gp.co.jp/18872/,,,95,source-threshold-met,pending-independent-blind-review,,,Course direction is evidenced by the run sequence; compass bearing and marker coordinates remain a production-stage transcription task.
jp-oyama-fuji-speedway-formula-drift-japan-2024,selected,,Formula Drift Japan 2024 — Fuji Speedway,Formula Drift Japan Rd.1,Formula Drift Japan,international_continental_top,2024,Rd.1,Fuji Speedway,Oyama,Japan,JP,Japan,permanent,event barrier course on Fuji facility,"start-to-finish sequence shown by the cited competition run; open judged course, so whole-lap CW/CCW is not applicable",event-specific judged segment shown in the cited competition source; not the venue full-lap map,S,https://formulad.jp/news/20240329/,B,https://www.youtube.com/watch?v=4svH3BfhBzg,92,source-threshold-met,pending-independent-blind-review,,,Course direction is evidenced by the run sequence; compass bearing and marker coordinates remain a production-stage transcription task.
jp-suzuka-suzuka-twin-circuit-formula-drift-japan-2024,selected,,Formula Drift Japan 2024 — Suzuka Twin Circuit,Formula Drift Japan Rd.2,Formula Drift Japan,international_continental_top,2024,Rd.2,Suzuka Twin Circuit,Suzuka,Japan,JP,Japan,permanent,event judged sector,"start-to-finish sequence shown by the cited competition run; open judged course, so whole-lap CW/CCW is not applicable",event-specific judged segment shown in the cited competition source; not the venue full-lap map,S,https://www.youtube.com/watch?v=ZJAE87jbIw8,,,93,source-threshold-met,pending-independent-blind-review,,,Course direction is evidenced by the run sequence; compass bearing and marker coordinates remain a production-stage transcription task.
jp-nihonmatsu-ebisu-circuit-west-course-formula-drift-japan-2024,selected,,Formula Drift Japan 2024 — Ebisu Circuit West Course,Formula Drift Japan Rd.3,Formula Drift Japan,international_continental_top,2024,Rd.3,Ebisu Circuit West Course,Nihonmatsu,Japan,JP,Japan,permanent,FDJ West Course judged sector,"start-to-finish sequence shown by the cited competition run; open judged course, so whole-lap CW/CCW is not applicable",event-specific judged segment shown in the cited competition source; not the venue full-lap map,S,https://www.youtube.com/watch?v=urFE8EmQOA4,,,94,source-threshold-met,pending-independent-blind-review,,,Course direction is evidenced by the run sequence; compass bearing and marker coordinates remain a production-stage transcription task.
jp-murata-sportsland-sugo-formula-drift-japan-2024,selected,,Formula Drift Japan 2024 — Sportsland Sugo,Formula Drift Japan Rd.4,Formula Drift Japan,international_continental_top,2024,Rd.4,Sportsland Sugo,Murata,Japan,JP,Japan,permanent,event judged sector,"start-to-finish sequence shown by the cited competition run; open judged course, so whole-lap CW/CCW is not applicable",event-specific judged segment shown in the cited competition source; not the venue full-lap map,B,https://www.youtube.com/watch?v=tV4jMfo_Chg,S,https://formulad.jp/news/20240611/,82,source-threshold-met,pending-independent-blind-review,,,Course direction is evidenced by the run sequence; compass bearing and marker coordinates remain a production-stage transcription task.
jp-mimasaka-okayama-international-circuit-formula-drift-japan-2024,selected,,Formula Drift Japan 2024 — Okayama International Circuit,Formula Drift Japan Rd.6,Formula Drift Japan,international_continental_top,2024,Rd.6,Okayama International Circuit,Mimasaka,Japan,JP,Japan,permanent,event judged sector,"start-to-finish sequence shown by the cited competition run; open judged course, so whole-lap CW/CCW is not applicable",event-specific judged segment shown in the cited competition source; not the venue full-lap map,S,https://www.youtube.com/watch?v=gtkmF5brcHY,,,92,source-threshold-met,pending-independent-blind-review,,,Course direction is evidenced by the run sequence; compass bearing and marker coordinates remain a production-stage transcription task.
us-long-beach-grand-prix-of-long-beach-street-super-drift-challenge-2024,selected,,Super Drift Challenge 2024 — Grand Prix of Long Beach street circuit,Grand Prix of Long Beach Super Drift Challenge,Super Drift Challenge,historic_independent_invitation,2024,Invitational,Grand Prix of Long Beach street circuit,Long Beach,United States,US,North America,street,Grand Prix street-course drift sector,"start-to-finish sequence shown by the cited competition run; open judged course, so whole-lap CW/CCW is not applicable",event-specific judged segment shown in the cited competition source; not the venue full-lap map,S,https://www.youtube.com/watch?v=HmbYdnQlCfg,,,94,source-threshold-met,pending-independent-blind-review,,,Course direction is evidenced by the run sequence; compass bearing and marker coordinates remain a production-stage transcription task.
us-braselton-michelin-raceway-road-atlanta-formula-drift-2026,selected,,Formula Drift 2026 — Michelin Raceway Road Atlanta,Formula Drift Rd.2,Formula Drift,international_continental_top,2026,Rd.2,Michelin Raceway Road Atlanta,Braselton,United States,US,North America,permanent,Formula Drift downhill judged sector,"start-to-finish sequence shown by the cited competition run; open judged course, so whole-lap CW/CCW is not applicable",event-specific judged segment shown in the cited competition source; not the venue full-lap map,S,https://www.formulad.com/schedule/2026/atlanta,S,https://www.youtube.com/watch?v=JRJsgQc2oiQ,98,source-threshold-met,pending-independent-blind-review,,,Course direction is evidenced by the run sequence; compass bearing and marker coordinates remain a production-stage transcription task.
us-orlando-orlando-speed-world-formula-drift-2026,selected,,Formula Drift 2026 — Orlando Speed World,Formula Drift Rd.3,Formula Drift,international_continental_top,2026,Rd.3,Orlando Speed World,Orlando,United States,US,North America,permanent,bank/transition judged sector,"start-to-finish sequence shown by the cited competition run; open judged course, so whole-lap CW/CCW is not applicable",event-specific judged segment shown in the cited competition source; not the venue full-lap map,S,https://www.formulad.com/schedule/2026/orlando,S,https://www.youtube.com/watch?v=8hwmXHT0VcU,97,source-threshold-met,pending-independent-blind-review,,,Course direction is evidenced by the run sequence; compass bearing and marker coordinates remain a production-stage transcription task.
us-stafford-springs-stafford-motor-speedway-formula-drift-2026,selected,,Formula Drift 2026 — Stafford Motor Speedway,Formula Drift Rd.4,Formula Drift,international_continental_top,2026,Rd.4,Stafford Motor Speedway,Stafford Springs,United States,US,North America,permanent,oval judged sector,"start-to-finish sequence shown by the cited competition run; open judged course, so whole-lap CW/CCW is not applicable",event-specific judged segment shown in the cited competition source; not the venue full-lap map,S,https://www.formulad.com/schedule/2026/stafford,S,https://www.youtube.com/watch?v=iOMF-EL7r5Y,98,source-threshold-met,pending-independent-blind-review,,,Course direction is evidenced by the run sequence; compass bearing and marker coordinates remain a production-stage transcription task.
us-madison-world-wide-technology-raceway-formula-drift-2024,selected,,Formula Drift 2024 — World Wide Technology Raceway,Formula Drift Rd.5,Formula Drift,international_continental_top,2024,Rd.5,World Wide Technology Raceway,Madison,United States,US,North America,permanent,oval/infield judged sector,"start-to-finish sequence shown by the cited competition run; open judged course, so whole-lap CW/CCW is not applicable",event-specific judged segment shown in the cited competition source; not the venue full-lap map,S,https://www.youtube.com/watch?v=3XKkM25zkeg,,,92,source-threshold-met,pending-independent-blind-review,,,Course direction is evidenced by the run sequence; compass bearing and marker coordinates remain a production-stage transcription task.
us-monroe-evergreen-speedway-formula-drift-2024,selected,,Formula Drift 2024 — Evergreen Speedway,Formula Drift Rd.6,Formula Drift,international_continental_top,2024,Rd.6,Evergreen Speedway,Monroe,United States,US,North America,permanent,bank-to-infield judged sector,"start-to-finish sequence shown by the cited competition run; open judged course, so whole-lap CW/CCW is not applicable",event-specific judged segment shown in the cited competition source; not the venue full-lap map,S,https://www.youtube.com/watch?v=1ka7q0xQqdk,,,90,source-threshold-met,pending-independent-blind-review,,,Course direction is evidenced by the run sequence; compass bearing and marker coordinates remain a production-stage transcription task.
us-las-vegas-las-vegas-motor-speedway-formula-drift-2012,selected,,Formula Drift 2012 — Las Vegas Motor Speedway,Formula Drift Rd.6,Formula Drift,international_continental_top,2012,Rd.6,Las Vegas Motor Speedway,Las Vegas,United States,US,North America,parking,After Dark temporary course,"start-to-finish sequence shown by the cited competition run; open judged course, so whole-lap CW/CCW is not applicable",event-specific judged segment shown in the cited competition source; not the venue full-lap map,S,https://www.youtube.com/watch?v=V5eOZ5nZfy8,,,88,source-threshold-met,pending-independent-blind-review,,,Course direction is evidenced by the run sequence; compass bearing and marker coordinates remain a production-stage transcription task.
us-irwindale-irwindale-speedway-formula-drift-2024,selected,,Formula Drift 2024 — Irwindale Speedway,Formula Drift Rd.8,Formula Drift,international_continental_top,2024,Rd.8,Irwindale Speedway,Irwindale,United States,US,North America,permanent,bank-to-infield House of Drift sector,"start-to-finish sequence shown by the cited competition run; open judged course, so whole-lap CW/CCW is not applicable",event-specific judged segment shown in the cited competition source; not the venue full-lap map,S,https://www.youtube.com/watch?v=ccdYVvW3X-w,,,95,source-threshold-met,pending-independent-blind-review,,,Course direction is evidenced by the run sequence; compass bearing and marker coordinates remain a production-stage transcription task.
ca-montmagny-autodrome-montmagny-dmcc-2024,selected,,DMCC 2024 — Autodrome Montmagny,DMCC Rd.4,DMCC,mature_national,2024,Rd.4,Autodrome Montmagny,Montmagny,Canada,CA,North America,permanent,speedway judged sector,"start-to-finish sequence shown by the cited competition run; open judged course, so whole-lap CW/CCW is not applicable",event-specific judged segment shown in the cited competition source; not the venue full-lap map,S,https://www.youtube.com/watch?v=AY7We6t4Viw,,,86,source-threshold-met,pending-independent-blind-review,,,Course direction is evidenced by the run sequence; compass bearing and marker coordinates remain a production-stage transcription task.
mx-queretaro-autodromo-de-queretaro-mexican-drift-championship-2024,selected,,Mexican Drift Championship 2024 — Autodromo de Queretaro,Mexican Drift Championship Round 3,Mexican Drift Championship,mature_national,2024,Round 3,Autodromo de Queretaro,Queretaro,Mexico,MX,North America,permanent,event judged sector,"start-to-finish sequence shown by the cited competition run; open judged course, so whole-lap CW/CCW is not applicable",event-specific judged segment shown in the cited competition source; not the venue full-lap map,B,https://www.youtube.com/watch?v=wNle69Xux0Q,B,https://www.youtube.com/watch?v=Pbp0usMM0no,75,source-threshold-met,pending-independent-blind-review,,,Source threshold is met by two independent B-tier videos; organizer map and precise clip markers remain a blind-review priority.
it-rome-autodromo-vallelunga-piero-taruf-drift-masters-2026,selected,,Drift Masters 2026 — Autodromo Vallelunga Piero Taruffi,Drift Masters Rd.1,Drift Masters,international_continental_top,2026,Rd.1,Autodromo Vallelunga Piero Taruffi,Rome,Italy,IT,Europe,permanent,official 2026 briefing course,"start-to-finish sequence shown by the cited competition run; open judged course, so whole-lap CW/CCW is not applicable",event-specific judged segment shown in the cited competition source; not the venue full-lap map,S,https://dm.gp/media/hdqjd105/italy_rnd1_briefing_26.pdf,,,99,source-threshold-met,pending-independent-blind-review,,,Course direction is evidenced by the run sequence; compass bearing and marker coordinates remain a production-stage transcription task.
es-madrid-circuito-de-madrid-jarama-race-drift-masters-2026,selected,,Drift Masters 2026 — Circuito de Madrid Jarama RACE,Drift Masters Rd.2,Drift Masters,international_continental_top,2026,Rd.2,Circuito de Madrid Jarama RACE,Madrid,Spain,ES,Europe,permanent,official 2026 briefing course,"start-to-finish sequence shown by the cited competition run; open judged course, so whole-lap CW/CCW is not applicable",event-specific judged segment shown in the cited competition source; not the venue full-lap map,S,https://dm.gp/media/bjmpeaue/dm26-rd2-spain-qualifying-battle-briefing_page_260516_091859.pdf,,,99,source-threshold-met,pending-independent-blind-review,,,Course direction is evidenced by the run sequence; compass bearing and marker coordinates remain a production-stage transcription task.
ie-kildare-mondello-park-drift-masters-2026,selected,,Drift Masters 2026 — Mondello Park,Drift Masters Rd.3,Drift Masters,international_continental_top,2026,Rd.3,Mondello Park,Kildare,Ireland,IE,Europe,permanent,official 2026 briefing course,"start-to-finish sequence shown by the cited competition run; open judged course, so whole-lap CW/CCW is not applicable",event-specific judged segment shown in the cited competition source; not the venue full-lap map,S,https://dm.gp/media/xonftewg/dm26-rd3-briefing.pdf,,,99,source-threshold-met,pending-independent-blind-review,,,Course direction is evidenced by the run sequence; compass bearing and marker coordinates remain a production-stage transcription task.
fi-hameenlinna-ahvenisto-race-circuit-drift-masters-2026,selected,,Drift Masters 2026 — Ahvenisto Race Circuit,Drift Masters Rd.4,Drift Masters,international_continental_top,2026,Rd.4,Ahvenisto Race Circuit,Hameenlinna,Finland,FI,Europe,permanent,official 2026 briefing course,"start-to-finish sequence shown by the cited competition run; open judged course, so whole-lap CW/CCW is not applicable",event-specific judged segment shown in the cited competition source; not the venue full-lap map,S,https://dm.gp/media/p43d0rgm/dm26-rd4-finland-qualifying-battle-briefing_www.pdf,,,99,source-threshold-met,pending-independent-blind-review,,,Course direction is evidenced by the run sequence; compass bearing and marker coordinates remain a production-stage transcription task.
lv-riga-bikernieki-circuit-drift-masters-2026,selected,,Drift Masters 2026 — Bikernieki Circuit,Drift Masters Rd.5,Drift Masters,international_continental_top,2026,Rd.5,Bikernieki Circuit,Riga,Latvia,LV,Europe,permanent,official 2026 briefing course,"start-to-finish sequence shown by the cited competition run; open judged course, so whole-lap CW/CCW is not applicable",event-specific judged segment shown in the cited competition source; not the venue full-lap map,S,https://dm.gp/media/qwde50fz/dm26-rd5-latvia-briefing.pdf,,,99,source-threshold-met,pending-independent-blind-review,,,Course direction is evidenced by the run sequence; compass bearing and marker coordinates remain a production-stage transcription task.
de-grafenhainichen-ferropolis-drift-masters-2026,selected,,Drift Masters 2026 — Ferropolis,Drift Masters Rd.6,Drift Masters,international_continental_top,2026,Rd.6,Ferropolis,Grafenhainichen,Germany,DE,Europe,parking,official 2026 industrial-site course,"start-to-finish sequence shown by the cited competition run; open judged course, so whole-lap CW/CCW is not applicable",event-specific judged segment shown in the cited competition source; not the venue full-lap map,S,https://dm.gp/media/udkmmigg/dm26-rd6-germany-qualifying-battle-briefing_web.pdf,,,99,source-threshold-met,pending-independent-blind-review,,,Course direction is evidenced by the run sequence; compass bearing and marker coordinates remain a production-stage transcription task.
gb-liverpool-liverpool-waterfront-temporary-c-red-bull-drift-shifters-2018,selected,,Red Bull Drift Shifters 2018 — Liverpool Waterfront temporary course,Red Bull Drift Shifters Invitational,Red Bull Drift Shifters,historic_independent_invitation,2018,Invitational,Liverpool Waterfront temporary course,Liverpool,United Kingdom,GB,Europe,street,sensor-scored temporary street course,"start-to-finish sequence shown by the cited competition run; open judged course, so whole-lap CW/CCW is not applicable",event-specific judged segment shown in the cited competition source; not the venue full-lap map,S,https://www.youtube.com/watch?v=H5oE0tU-9Y8,,,91,source-threshold-met,pending-independent-blind-review,,,Course direction is evidenced by the run sequence; compass bearing and marker coordinates remain a production-stage transcription task.
it-prato-prato-event-car-park-campionato-italiano-drifting-2026,selected,,Campionato Italiano Drifting 2026 — Prato event car park,Campionato Italiano Drifting Rd.2,Campionato Italiano Drifting,mature_national,2026,Rd.2,Prato event car park,Prato,Italy,IT,Europe,parking,official car-park challenge course,"start-to-finish sequence shown by the cited competition run; open judged course, so whole-lap CW/CCW is not applicable",event-specific judged segment shown in the cited competition source; not the venue full-lap map,S,https://www.youtube.com/watch?v=typk96v-TKQ,,,88,source-threshold-met,pending-independent-blind-review,,,Course direction is evidenced by the run sequence; compass bearing and marker coordinates remain a production-stage transcription task.
de-nurburg-nurburgring-mullenbachschleife-nurburgring-drift-cup-2026,selected,,Nurburgring Drift Cup 2026 — Nurburgring Mullenbachschleife,Nurburgring Drift Cup Rd.1,Nurburgring Drift Cup,mature_national,2026,Rd.1,Nurburgring Mullenbachschleife,Nurburg,Germany,DE,Europe,permanent,Mullenbachschleife judged sector,"start-to-finish sequence shown by the cited competition run; open judged course, so whole-lap CW/CCW is not applicable",event-specific judged segment shown in the cited competition source; not the venue full-lap map,S,https://www.youtube.com/watch?v=_io1ytGJRGI,,,89,source-threshold-met,pending-independent-blind-review,,,Course direction is evidenced by the run sequence; compass bearing and marker coordinates remain a production-stage transcription task.
fr-croix-en-ternois-circuit-de-croix-en-ternois-championnat-de-france-de-drift-2024,selected,,Championnat de France de Drift 2024 — Circuit de Croix-en-Ternois,Championnat de France de Drift Rd.4,Championnat de France de Drift,mature_national,2024,Rd.4,Circuit de Croix-en-Ternois,Croix-en-Ternois,France,FR,Europe,permanent,event judged sector,"start-to-finish sequence shown by the cited competition run; open judged course, so whole-lap CW/CCW is not applicable",event-specific judged segment shown in the cited competition source; not the venue full-lap map,S,https://www.youtube.com/watch?v=zR80UvttYgU,,,90,source-threshold-met,pending-independent-blind-review,,,Course direction is evidenced by the run sequence; compass bearing and marker coordinates remain a production-stage transcription task.
gr-serres-serres-racing-circuit-drift-kings-2024,selected,,Drift Kings 2024 — Serres Racing Circuit,Drift Kings Retro Cup,Drift Kings,historic_independent_invitation,2024,Retro Cup,Serres Racing Circuit,Serres,Greece,GR,Europe,permanent,Retro Cup judged sector,"start-to-finish sequence shown by the cited competition run; open judged course, so whole-lap CW/CCW is not applicable",event-specific judged segment shown in the cited competition source; not the venue full-lap map,A,https://www.youtube.com/watch?v=IHvx4yATnvk,B,https://www.youtube.com/watch?v=hvRciuT_res,78,source-threshold-met,pending-independent-blind-review,,,Course direction is evidenced by the run sequence; compass bearing and marker coordinates remain a production-stage transcription task.
no-rakkestad-rudskogen-motorsenter-gatebil-breisladden-2020,selected,,Gatebil Breisladden 2020 — Rudskogen Motorsenter,Gatebil Breisladden Top 6,Gatebil Breisladden,historic_independent_invitation,2020,Top 6,Rudskogen Motorsenter,Rakkestad,Norway,NO,Europe,permanent,Breisladden judged sector,"start-to-finish sequence shown by the cited competition run; open judged course, so whole-lap CW/CCW is not applicable",event-specific judged segment shown in the cited competition source; not the venue full-lap map,S,https://www.youtube.com/watch?v=c4T-x69APoQ,,,82,source-threshold-met,pending-independent-blind-review,,,Course direction is evidenced by the run sequence; compass bearing and marker coordinates remain a production-stage transcription task.
nz-taupo-taupo-international-motorsport-p-d1nz-2024,selected,,D1NZ 2024 — Taupo International Motorsport Park,D1NZ Rd.1,D1NZ,mature_national,2024,Rd.1,Taupo International Motorsport Park,Taupo,New Zealand,NZ,Oceania,permanent,event judged sector,"start-to-finish sequence shown by the cited competition run; open judged course, so whole-lap CW/CCW is not applicable",event-specific judged segment shown in the cited competition source; not the venue full-lap map,A,https://www.youtube.com/watch?v=G0iG_wJ2KmE,,,90,source-threshold-met,pending-independent-blind-review,,,Course direction is evidenced by the run sequence; compass bearing and marker coordinates remain a production-stage transcription task.
nz-hampton-downs-hampton-downs-motorsport-park-d1nz-2024,selected,,D1NZ 2024 — Hampton Downs Motorsport Park,D1NZ Rd.2,D1NZ,mature_national,2024,Rd.2,Hampton Downs Motorsport Park,Hampton Downs,New Zealand,NZ,Oceania,permanent,event judged sector,"start-to-finish sequence shown by the cited competition run; open judged course, so whole-lap CW/CCW is not applicable",event-specific judged segment shown in the cited competition source; not the venue full-lap map,A,https://www.youtube.com/watch?v=3M4l31g6r-s,,,90,source-threshold-met,pending-independent-blind-review,,,Course direction is evidenced by the run sequence; compass bearing and marker coordinates remain a production-stage transcription task.
nz-feilding-manfeild-circuit-chris-amon-d1nz-2024,selected,,D1NZ 2024 — Manfeild Circuit Chris Amon,D1NZ Rd.4,D1NZ,mature_national,2024,Rd.4,Manfeild Circuit Chris Amon,Feilding,New Zealand,NZ,Oceania,permanent,reverse event judged sector,event-designated reverse course direction; start-to-finish sequence confirmed by broadcast,event-specific judged segment shown in the cited competition source; not the venue full-lap map,A,https://www.youtube.com/watch?v=PM1jaOsc8Sk,,,92,source-threshold-met,pending-independent-blind-review,,,Course direction is evidenced by the run sequence; compass bearing and marker coordinates remain a production-stage transcription task.
nz-tauranga-baypark-stadium-d1nz-2026,selected,,D1NZ 2026 — Baypark Stadium,D1NZ Rd.5,D1NZ,mature_national,2026,Rd.5,Baypark Stadium,Tauranga,New Zealand,NZ,Oceania,stadium,temporary stadium course,"start-to-finish sequence shown by the cited competition run; open judged course, so whole-lap CW/CCW is not applicable",event-specific judged segment shown in the cited competition source; not the venue full-lap map,S,https://www.youtube.com/watch?v=SFK3ytKCQbM,,,94,source-threshold-met,pending-independent-blind-review,,,Course direction is evidenced by the run sequence; compass bearing and marker coordinates remain a production-stage transcription task.
au-willowbank-queensland-raceway-hi-tec-oils-drift-allstars-2024,selected,,Hi-Tec Oils Drift Allstars 2024 — Queensland Raceway,Hi-Tec Oils Drift Allstars Rd.2,Hi-Tec Oils Drift Allstars,mature_national,2024,Rd.2,Queensland Raceway,Willowbank,Australia,AU,Oceania,permanent,event judged sector,"start-to-finish sequence shown by the cited competition run; open judged course, so whole-lap CW/CCW is not applicable",event-specific judged segment shown in the cited competition source; not the venue full-lap map,A,https://www.youtube.com/watch?v=Piq2olLzKaU,,,85,source-threshold-met,pending-independent-blind-review,,,Course direction is evidenced by the run sequence; compass bearing and marker coordinates remain a production-stage transcription task.
sg-singapore-changi-exhibition-centre-formula-drift-asia-2012,selected,,Formula Drift Asia 2012 — Changi Exhibition Centre,Formula Drift Asia Singapore round,Formula Drift Asia,international_continental_top,2012,Singapore round,Changi Exhibition Centre,Singapore,Singapore,SG,Asia (excluding Japan),parking,temporary exhibition-centre course,"start-to-finish sequence shown by the cited competition run; open judged course, so whole-lap CW/CCW is not applicable",event-specific judged segment shown in the cited competition source; not the venue full-lap map,B,https://www.youtube.com/watch?v=mLENyQXj-Bo,B,https://www.youtube.com/watch?v=3Mxj8ih1fQQ,78,source-threshold-met,pending-independent-blind-review,,,Course direction is evidenced by the run sequence; compass bearing and marker coordinates remain a production-stage transcription task.
my-kuala-lumpur-speed-city-kl-formula-drift-asia-2012,selected,,Formula Drift Asia 2012 — Speed City KL,Formula Drift Asia Malaysia round,Formula Drift Asia,international_continental_top,2012,Malaysia round,Speed City KL,Kuala Lumpur,Malaysia,MY,Asia (excluding Japan),permanent,event judged sector,"start-to-finish sequence shown by the cited competition run; open judged course, so whole-lap CW/CCW is not applicable",event-specific judged segment shown in the cited competition source; not the venue full-lap map,B,https://www.youtube.com/watch?v=Kfi4f_bOAqU,B,https://www.youtube.com/watch?v=OQQIgqe2XPk,76,source-threshold-met,pending-independent-blind-review,,,Course direction is evidenced by the run sequence; compass bearing and marker coordinates remain a production-stage transcription task.
th-bangkok-bangkok-temporary-drift-venue-formula-drift-asia-2012,selected,,Formula Drift Asia 2012 — Bangkok temporary drift venue,Formula Drift Asia Thailand round,Formula Drift Asia,international_continental_top,2012,Thailand round,Bangkok temporary drift venue,Bangkok,Thailand,TH,Asia (excluding Japan),parking,temporary Bangkok course,"start-to-finish sequence shown by the cited competition run; open judged course, so whole-lap CW/CCW is not applicable",event-specific judged segment shown in the cited competition source; not the venue full-lap map,B,https://www.youtube.com/watch?v=5hY23ZyKQIc,B,https://www.youtube.com/watch?v=TmEOqfygetk,74,source-threshold-met,pending-independent-blind-review,,,"Venue parcel name is unresolved; route sequence is visible, but location/base-map pin must be fixed before production."
id-jakarta-jiexpo-kemayoran-formula-drift-asia-2011,selected,,Formula Drift Asia 2011 — JIExpo Kemayoran,Formula Drift Asia Indonesia round,Formula Drift Asia,international_continental_top,2011,Indonesia round,JIExpo Kemayoran,Jakarta,Indonesia,ID,Asia (excluding Japan),parking,temporary exhibition-centre course,"start-to-finish sequence shown by the cited competition run; open judged course, so whole-lap CW/CCW is not applicable",event-specific judged segment shown in the cited competition source; not the venue full-lap map,B,https://www.youtube.com/watch?v=phYifo3zG58,B,https://www.youtube.com/watch?v=L7-bBHKTnEw,78,source-threshold-met,pending-independent-blind-review,,,Course direction is evidenced by the run sequence; compass bearing and marker coordinates remain a production-stage transcription task.
cn-beijing-beijing-d1-special-venue-d1-grand-prix-china-2016,selected,,D1 Grand Prix China 2016 — Beijing D1 Special Venue,D1 Grand Prix China Rd.3–4,D1 Grand Prix China,mature_national,2016,Rd.3–4,Beijing D1 Special Venue,Beijing,China,CN,Asia (excluding Japan),parking,Beijing temporary course,"start-to-finish sequence shown by the cited competition run; open judged course, so whole-lap CW/CCW is not applicable",event-specific judged segment shown in the cited competition source; not the venue full-lap map,A,https://www.youtube.com/watch?v=wLvxZJlic4w,S,https://www.d1gp.co.jp/03_sche/gp2016/gp2016_index.html,83,source-threshold-met,pending-independent-blind-review,,,Course direction is evidenced by the run sequence; compass bearing and marker coordinates remain a production-stage transcription task.
tw-taichung-lihpao-racing-park-tdgp2-2026,selected,,TDGP2 2026 — Lihpao Racing Park,Taiwan Drift GP2 2026 Round 1,TDGP2,mature_national,2026,Rd.1,Lihpao Racing Park,Taichung,Taiwan,TW,Asia (excluding Japan),permanent,event judged sector,"start-to-finish sequence shown by the cited competition run; open judged course, so whole-lap CW/CCW is not applicable",event-specific judged segment shown in the cited competition source; not the venue full-lap map,A,https://www.youtube.com/watch?v=gg0e_LsPTS4,,,81,source-threshold-met,pending-independent-blind-review,,,Organizer relationship of the Funcity channel should be confirmed in blind review; no clip-marker positions are approved yet.
br-londrina-autodromo-internacional-ayrton-s-ultimate-drift-2023,selected,,Ultimate Drift 2023 — Autodromo Internacional Ayrton Senna,Ultimate Drift Rd.5,Ultimate Drift,mature_national,2023,Rd.5,Autodromo Internacional Ayrton Senna,Londrina,Brazil,BR,Latin America (excluding Mexico),permanent,oval/infield judged sector,"start-to-finish sequence shown by the cited competition run; open judged course, so whole-lap CW/CCW is not applicable",event-specific judged segment shown in the cited competition source; not the venue full-lap map,S,https://www.youtube.com/watch?v=6WzEEN6vY4Y,,,90,source-threshold-met,pending-independent-blind-review,,,Course direction is evidenced by the run sequence; compass bearing and marker coordinates remain a production-stage transcription task.
ar-buenos-aires-autodromo-juan-y-oscar-galvez-drift-sudamerica-2017,selected,,Drift Sudamerica 2017 — Autodromo Juan y Oscar Galvez,Drift Sudamerica Buenos Aires competition,Drift Sudamerica,historic_independent_invitation,2017,Buenos Aires competition,Autodromo Juan y Oscar Galvez,Buenos Aires,Argentina,AR,Latin America (excluding Mexico),permanent,event judged sector,"start-to-finish sequence shown by the cited competition run; open judged course, so whole-lap CW/CCW is not applicable",event-specific judged segment shown in the cited competition source; not the venue full-lap map,B,https://www.youtube.com/watch?v=UVeogwoeC58,B,https://www.youtube.com/watch?v=t5nUHysJxrc,74,source-threshold-met,pending-independent-blind-review,,,Course direction is evidenced by the run sequence; compass bearing and marker coordinates remain a production-stage transcription task.
cl-san-antonio-autodromo-san-antonio-campeonato-nacional-de-drift-chi-2023,selected,,Campeonato Nacional de Drift Chile 2023 — Autodromo San Antonio,Campeonato Nacional de Drift Chile Stage 2,Campeonato Nacional de Drift Chile,mature_national,2023,Stage 2,Autodromo San Antonio,San Antonio,Chile,CL,Latin America (excluding Mexico),permanent,event judged sector,"start-to-finish sequence shown by the cited competition run; open judged course, so whole-lap CW/CCW is not applicable",event-specific judged segment shown in the cited competition source; not the venue full-lap map,B,https://www.youtube.com/watch?v=Sg3ZuKP9BlQ,B,https://www.youtube.com/watch?v=oq9sbECPs28,75,source-threshold-met,pending-independent-blind-review,,,Course direction is evidenced by the run sequence; compass bearing and marker coordinates remain a production-stage transcription task.
cr-alajuela-parque-viva-circuito-starcars-campeonato-nacional-de-drift-cos-2018,selected,,Campeonato Nacional de Drift Costa Rica 2018 — Parque Viva Circuito StarCars,Campeonato Nacional de Drift Costa Rica Rd.2,Campeonato Nacional de Drift Costa Rica,mature_national,2018,Rd.2,Parque Viva Circuito StarCars,Alajuela,Costa Rica,CR,Latin America (excluding Mexico),permanent,event judged sector,"start-to-finish sequence shown by the cited competition run; open judged course, so whole-lap CW/CCW is not applicable",event-specific judged segment shown in the cited competition source; not the venue full-lap map,A,https://www.youtube.com/watch?v=9OCchkI0cBc,B,https://www.youtube.com/watch?v=mMeerXBoM5E,77,source-threshold-met,pending-independent-blind-review,,,Course direction is evidenced by the run sequence; compass bearing and marker coordinates remain a production-stage transcription task.
om-muscat-muscat-drift-arena-oman-international-drift-champio-2024,selected,,Oman International Drift Championship 2024 — Muscat Drift Arena,Oman International Drift Championship Rd.1,Oman International Drift Championship,international_continental_top,2024,Rd.1,Muscat Drift Arena,Muscat,Oman,OM,Middle East and Africa,permanent,arena judged sector,"start-to-finish sequence shown by the cited competition run; open judged course, so whole-lap CW/CCW is not applicable",event-specific judged segment shown in the cited competition source; not the venue full-lap map,S,https://www.youtube.com/watch?v=mSwUHvIhA3s,,,96,source-threshold-met,pending-independent-blind-review,,,Course direction is evidenced by the run sequence; compass bearing and marker coordinates remain a production-stage transcription task.
sa-jeddah-jeddah-corniche-event-site-red-bull-car-park-drift-2022,selected,,Red Bull Car Park Drift 2022 — Jeddah Corniche event site,Red Bull Car Park Drift World Final,Red Bull Car Park Drift,historic_independent_invitation,2022,World Final,Jeddah Corniche event site,Jeddah,Saudi Arabia,SA,Middle East and Africa,parking,world-final obstacle course,"start-to-finish sequence shown by the cited competition run; open judged course, so whole-lap CW/CCW is not applicable",event-specific judged segment shown in the cited competition source; not the venue full-lap map,S,https://www.youtube.com/watch?v=R-X8nmb3IAE,,,91,source-threshold-met,pending-independent-blind-review,,,Course direction is evidenced by the run sequence; compass bearing and marker coordinates remain a production-stage transcription task.
za-port-shepstone-dezzi-raceway-supadrift-2016,selected,,SupaDrift 2016 — Dezzi Raceway,SupaDrift Rd.5,SupaDrift,mature_national,2016,Rd.5,Dezzi Raceway,Port Shepstone,South Africa,ZA,Middle East and Africa,permanent,event judged sector,"start-to-finish sequence shown by the cited competition run; open judged course, so whole-lap CW/CCW is not applicable",event-specific judged segment shown in the cited competition source; not the venue full-lap map,B,https://www.youtube.com/watch?v=BZZv7e1ri0A,B,https://www.youtube.com/watch?v=vp2SxssPopo,73,source-threshold-met,pending-independent-blind-review,,,Course direction is evidenced by the run sequence; compass bearing and marker coordinates remain a production-stage transcription task.
jp-maibara-okuibuki-motor-park-formula-drift-japan-2024,backup,1,Formula Drift Japan 2024 — Okuibuki Motor Park,Formula Drift Japan Rd.5,Formula Drift Japan,international_continental_top,2024,Rd.5,Okuibuki Motor Park,Maibara,Japan,JP,Japan,parking,FDJ parking layout,"start-to-finish sequence shown by the cited competition run; open judged course, so whole-lap CW/CCW is not applicable",event-specific judged segment shown in the cited competition source; not the venue full-lap map,S,https://www.youtube.com/watch?v=jYIMgC_L4ZE,,,91,source-threshold-met,pending-independent-blind-review,same atlas region and closest event tier/venue type,,Course direction is evidenced by the run sequence; compass bearing and marker coordinates remain a production-stage transcription task.
us-grantsville-utah-motorsports-campus-formula-drift-2025,backup,2,Formula Drift 2025 — Utah Motorsports Campus,Formula Drift Rd.7,Formula Drift,international_continental_top,2025,Rd.7,Utah Motorsports Campus,Grantsville,United States,US,North America,permanent,event judged sector,"start-to-finish sequence shown by the cited competition run; open judged course, so whole-lap CW/CCW is not applicable",event-specific judged segment shown in the cited competition source; not the venue full-lap map,S,https://www.youtube.com/watch?v=MElLPKw8o0s,,,90,source-threshold-met,pending-independent-blind-review,same atlas region and closest event tier/venue type,,Course direction is evidenced by the run sequence; compass bearing and marker coordinates remain a production-stage transcription task.
de-grafenhainichen-ferropolis-drift-masters-2023,backup,3,Drift Masters 2023 — Ferropolis,Drift Masters Rd.5,Drift Masters,international_continental_top,2023,Rd.5,Ferropolis,Grafenhainichen,Germany,DE,Europe,parking,industrial-site temporary course,"start-to-finish sequence shown by the cited competition run; open judged course, so whole-lap CW/CCW is not applicable",event-specific judged segment shown in the cited competition source; not the venue full-lap map,S,https://www.youtube.com/watch?v=DCLN-cSb58A,,,92,source-threshold-met,pending-independent-blind-review,same atlas region and closest event tier/venue type,,Course direction is evidenced by the run sequence; compass bearing and marker coordinates remain a production-stage transcription task.
eg-cairo-cairo-festival-city-event-site-red-bull-car-park-drift-2021,backup,4,Red Bull Car Park Drift 2021 — Cairo Festival City event site,Red Bull Car Park Drift World Final,Red Bull Car Park Drift,historic_independent_invitation,2021,World Final,Cairo Festival City event site,Cairo,Egypt,EG,Middle East and Africa,parking,world-final obstacle course,"start-to-finish sequence shown by the cited competition run; open judged course, so whole-lap CW/CCW is not applicable",event-specific judged segment shown in the cited competition source; not the venue full-lap map,B,https://www.youtube.com/watch?v=x123bNOoL1c,B,https://www.youtube.com/watch?v=iqcjjSRRoig,78,source-threshold-met,pending-independent-blind-review,Middle East/Africa independent temporary course,,Course direction is evidenced by the run sequence; compass bearing and marker coordinates remain a production-stage transcription task.
gb-middlesbrough-teesside-autodrome-drift-league-gb-2026,backup,5,Drift League GB 2026 — Teesside Autodrome,Drift League GB Rd.3,Drift League GB,mature_national,2026,Rd.3,Teesside Autodrome,Middlesbrough,United Kingdom,GB,Europe,permanent,event judged sector,"start-to-finish sequence shown by the cited competition run; open judged course, so whole-lap CW/CCW is not applicable",event-specific judged segment shown in the cited competition source; not the venue full-lap map,S,https://www.youtube.com/watch?v=r5RoasjlM84,,,87,source-threshold-met,pending-independent-blind-review,same atlas region and closest event tier/venue type,,Course direction is evidenced by the run sequence; compass bearing and marker coordinates remain a production-stage transcription task.
us-jupiter-palm-beach-international-raceway-formula-drift-2013,backup,6,Formula Drift 2013 — Palm Beach International Raceway,Formula Drift Rd.3,Formula Drift,international_continental_top,2013,Rd.3,Palm Beach International Raceway,Jupiter,United States,US,North America,permanent,event judged sector,"start-to-finish sequence shown by the cited competition run; open judged course, so whole-lap CW/CCW is not applicable",event-specific judged segment shown in the cited competition source; not the venue full-lap map,S,https://www.youtube.com/watch?v=c63nGie-QGU,,,89,source-threshold-met,pending-independent-blind-review,same atlas region and closest event tier/venue type,,Course direction is evidenced by the run sequence; compass bearing and marker coordinates remain a production-stage transcription task.
se-fallfors-drivecenter-arena-drift-masters-2023,backup,7,Drift Masters 2023 — Drivecenter Arena,Drift Masters Rd.2,Drift Masters,international_continental_top,2023,Rd.2,Drivecenter Arena,Fällfors,Sweden,SE,Europe,permanent,event judged sector,"start-to-finish sequence shown by the cited competition run; open judged course, so whole-lap CW/CCW is not applicable",event-specific judged segment shown in the cited competition source; not the venue full-lap map,S,https://www.youtube.com/watch?v=XuDRIkL25us,,,91,source-threshold-met,pending-independent-blind-review,same atlas region and closest event tier/venue type,,Course direction is evidenced by the run sequence; compass bearing and marker coordinates remain a production-stage transcription task.
br-piracicaba-ecpa-ultimate-drift-2023,backup,8,Ultimate Drift 2023 — ECPA,Ultimate Drift Rd.2,Ultimate Drift,mature_national,2023,Rd.2,ECPA,Piracicaba,Brazil,BR,Latin America (excluding Mexico),permanent,event judged sector,"start-to-finish sequence shown by the cited competition run; open judged course, so whole-lap CW/CCW is not applicable",event-specific judged segment shown in the cited competition source; not the venue full-lap map,S,https://www.youtube.com/watch?v=V79UtmFTTwQ,,,88,source-threshold-met,pending-independent-blind-review,same atlas region and closest event tier/venue type,,Course direction is evidenced by the run sequence; compass bearing and marker coordinates remain a production-stage transcription task.
ca-mirabel-icar-route-66-dmcc-2024,backup,9,DMCC 2024 — ICAR Route 66,DMCC Finale,DMCC,mature_national,2024,Finale,ICAR Route 66,Mirabel,Canada,CA,North America,permanent,event judged sector,"start-to-finish sequence shown by the cited competition run; open judged course, so whole-lap CW/CCW is not applicable",event-specific judged segment shown in the cited competition source; not the venue full-lap map,A,https://www.youtube.com/watch?v=Xk0N9eoW5ls,,,87,source-threshold-met,pending-independent-blind-review,same atlas region and closest event tier/venue type,,Course direction is evidenced by the run sequence; compass bearing and marker coordinates remain a production-stage transcription task.
jp-oyama-fuji-speedway-d1gp-2016,backup,10,D1GP 2016 — Fuji Speedway,D1GP Rd.2,D1GP,international_continental_top,2016,Rd.2,Fuji Speedway,Oyama,Japan,JP,Japan,permanent,historic D1 judged sector,"start-to-finish sequence shown by the cited competition run; open judged course, so whole-lap CW/CCW is not applicable",event-specific judged segment shown in the cited competition source; not the venue full-lap map,A,https://www.youtube.com/watch?v=fDO_DzXY1ew,,,84,source-threshold-met,pending-independent-blind-review,same atlas region and closest event tier/venue type,,Course direction is evidenced by the run sequence; compass bearing and marker coordinates remain a production-stage transcription task.
th-bangkok-d1-thailand-temporary-venue-d1-grand-prix-thailand-2012,backup,11,D1 Grand Prix Thailand 2012 — D1 Thailand temporary venue,D1 Grand Prix Thailand Rd.1,D1 Grand Prix Thailand,mature_national,2012,Rd.1,D1 Thailand temporary venue,Bangkok,Thailand,TH,Asia (excluding Japan),parking,temporary judged course,"start-to-finish sequence shown by the cited competition run; open judged course, so whole-lap CW/CCW is not applicable",event-specific judged segment shown in the cited competition source; not the venue full-lap map,B,https://www.youtube.com/watch?v=gull08O0k4g,B,https://www.youtube.com/watch?v=ScJdKQWJ57E,76,source-threshold-met,pending-independent-blind-review,same atlas region and closest event tier/venue type,,Course direction is evidenced by the run sequence; compass bearing and marker coordinates remain a production-stage transcription task.
gb-lochgelly-driftland-drift-league-gb-2024,backup,12,Drift League GB 2024 — Driftland,Drift League GB Rd.3,Drift League GB,mature_national,2024,Rd.3,Driftland,Lochgelly,United Kingdom,GB,Europe,permanent,event judged sector,"start-to-finish sequence shown by the cited competition run; open judged course, so whole-lap CW/CCW is not applicable",event-specific judged segment shown in the cited competition source; not the venue full-lap map,B,https://www.youtube.com/watch?v=zgNeaoSoqsQ,B,https://www.youtube.com/watch?v=mxPium1DxOc,72,source-threshold-met,pending-independent-blind-review,same atlas region and closest event tier/venue type,,Course direction is evidenced by the run sequence; compass bearing and marker coordinates remain a production-stage transcription task.
jp-murata-sportsland-sugo-d1gp-2006,backup,13,D1GP 2006 — Sportsland Sugo,D1GP Rd.2,D1GP,international_continental_top,2006,Rd.2,Sportsland Sugo,Murata,Japan,JP,Japan,permanent,historic D1 judged sector,"start-to-finish sequence shown by the cited competition run; open judged course, so whole-lap CW/CCW is not applicable",event-specific judged segment shown in the cited competition source; not the venue full-lap map,A,https://www.youtube.com/watch?v=4SqkaOB-Wzg,,,80,source-threshold-met,pending-independent-blind-review,same atlas region and closest event tier/venue type,,Course direction is evidenced by the run sequence; compass bearing and marker coordinates remain a production-stage transcription task.
ph-manila-quirino-grandstand-event-site-formula-drift-asia-2011,backup,14,Formula Drift Asia 2011 — Quirino Grandstand event site,Formula Drift Asia Philippines round,Formula Drift Asia,international_continental_top,2011,Philippines round,Quirino Grandstand event site,Manila,Philippines,PH,Asia (excluding Japan),street,temporary judged course,"start-to-finish sequence shown by the cited competition run; open judged course, so whole-lap CW/CCW is not applicable",event-specific judged segment shown in the cited competition source; not the venue full-lap map,B,https://www.youtube.com/watch?v=5jZPsmwfJ_E,B,https://www.youtube.com/watch?v=qAYUv5BvM_0,72,source-threshold-met,pending-independent-blind-review,same atlas region and closest event tier/venue type,,Course direction is evidenced by the run sequence; compass bearing and marker coordinates remain a production-stage transcription task.
pl-warsaw-pge-narodowy-drift-masters-2024,backup,15,Drift Masters 2024 — PGE Narodowy,Drift Masters Rd.6,Drift Masters,international_continental_top,2024,Rd.6,PGE Narodowy,Warsaw,Poland,PL,Europe,stadium,stadium temporary course,"start-to-finish sequence shown by the cited competition run; open judged course, so whole-lap CW/CCW is not applicable",event-specific judged segment shown in the cited competition source; not the venue full-lap map,S,https://www.youtube.com/watch?v=VRoDJ8jlSP0,,,90,source-threshold-met,pending-independent-blind-review,same atlas region and closest event tier/venue type,,Course direction is evidenced by the run sequence; compass bearing and marker coordinates remain a production-stage transcription task.
jp-utsunomiya-nikko-circuit-d1-lights-2024,reserve,,D1 Lights 2024 — Nikko Circuit,D1 Lights Rd.1,D1 Lights,mature_national,2024,Rd.1,Nikko Circuit,Utsunomiya,Japan,JP,Japan,permanent,identity-only candidate,"start-to-finish sequence shown by the cited competition run; open judged course, so whole-lap CW/CCW is not applicable",event-specific judged segment shown in the cited competition source; not the venue full-lap map,C,,,,0,candidate-only,pending-independent-blind-review,,,Event/venue identity lead only. No qualifying route-level evidence is registered; excluded from selected and backup evidence counts.
jp-mobara-mobara-twin-circuit-d1-divisional-2024,reserve,,D1 Divisional 2024 — Mobara Twin Circuit,D1 Divisional Central Div. Rd.2,D1 Divisional,mature_national,2024,Central Div. Rd.2,Mobara Twin Circuit,Mobara,Japan,JP,Japan,permanent,identity-only candidate,"start-to-finish sequence shown by the cited competition run; open judged course, so whole-lap CW/CCW is not applicable",event-specific judged segment shown in the cited competition source; not the venue full-lap map,C,,,,0,candidate-only,pending-independent-blind-review,,,Event/venue identity lead only. No qualifying route-level evidence is registered; excluded from selected and backup evidence counts.
jp-kasai-central-circuit-d1-lights-2021,reserve,,D1 Lights 2021 — Central Circuit,D1 Lights Round,D1 Lights,mature_national,2021,Round,Central Circuit,Kasai,Japan,JP,Japan,permanent,identity-only candidate,"start-to-finish sequence shown by the cited competition run; open judged course, so whole-lap CW/CCW is not applicable",event-specific judged segment shown in the cited competition source; not the venue full-lap map,C,,,,0,candidate-only,pending-independent-blind-review,,,Event/venue identity lead only. No qualifying route-level evidence is registered; excluded from selected and backup evidence counts.
us-sonoma-sonoma-raceway-formula-drift-2010,reserve,,Formula Drift 2010 — Sonoma Raceway,Formula Drift Round,Formula Drift,mature_national,2010,Round,Sonoma Raceway,Sonoma,United States,US,North America,permanent,identity-only candidate,"start-to-finish sequence shown by the cited competition run; open judged course, so whole-lap CW/CCW is not applicable",event-specific judged segment shown in the cited competition source; not the venue full-lap map,C,,,,0,candidate-only,pending-independent-blind-review,,,Event/venue identity lead only. No qualifying route-level evidence is registered; excluded from selected and backup evidence counts.
us-wall-township-wall-stadium-speedway-formula-drift-2018,reserve,,Formula Drift 2018 — Wall Stadium Speedway,Formula Drift Round,Formula Drift,mature_national,2018,Round,Wall Stadium Speedway,Wall Township,United States,US,North America,permanent,identity-only candidate,"start-to-finish sequence shown by the cited competition run; open judged course, so whole-lap CW/CCW is not applicable",event-specific judged segment shown in the cited competition source; not the venue full-lap map,C,,,,0,candidate-only,pending-independent-blind-review,,,Event/venue identity lead only. No qualifying route-level evidence is registered; excluded from selected and backup evidence counts.
ca-vallee-jonction-autodrome-chaudiere-dmcc-2023,reserve,,DMCC 2023 — Autodrome Chaudiere,DMCC Rd.2,DMCC,mature_national,2023,Rd.2,Autodrome Chaudiere,Vallee-Jonction,Canada,CA,North America,permanent,identity-only candidate,"start-to-finish sequence shown by the cited competition run; open judged course, so whole-lap CW/CCW is not applicable",event-specific judged segment shown in the cited competition source; not the venue full-lap map,C,,,,0,candidate-only,pending-independent-blind-review,,,Event/venue identity lead only. No qualifying route-level evidence is registered; excluded from selected and backup evidence counts.
ca-montreal-circuit-icar-formula-drift-canada-2015,reserve,,Formula Drift Canada 2015 — Circuit ICAR,Formula Drift Canada Invitational,Formula Drift Canada,mature_national,2015,Invitational,Circuit ICAR,Montreal,Canada,CA,North America,permanent,identity-only candidate,"start-to-finish sequence shown by the cited competition run; open judged course, so whole-lap CW/CCW is not applicable",event-specific judged segment shown in the cited competition source; not the venue full-lap map,C,,,,0,candidate-only,pending-independent-blind-review,,,Event/venue identity lead only. No qualifying route-level evidence is registered; excluded from selected and backup evidence counts.
mx-monterrey-autodromo-monterrey-mexican-drift-championship-2023,reserve,,Mexican Drift Championship 2023 — Autodromo Monterrey,Mexican Drift Championship Round,Mexican Drift Championship,mature_national,2023,Round,Autodromo Monterrey,Monterrey,Mexico,MX,North America,permanent,identity-only candidate,"start-to-finish sequence shown by the cited competition run; open judged course, so whole-lap CW/CCW is not applicable",event-specific judged segment shown in the cited competition source; not the venue full-lap map,C,,,,0,candidate-only,pending-independent-blind-review,,,Event/venue identity lead only. No qualifying route-level evidence is registered; excluded from selected and backup evidence counts.
cz-brno-automotodrom-brno-czech-drift-series-2024,reserve,,Czech Drift Series 2024 — Automotodrom Brno,Czech Drift Series Round,Czech Drift Series,mature_national,2024,Round,Automotodrom Brno,Brno,Czech Republic,CZ,Europe,permanent,identity-only candidate,"start-to-finish sequence shown by the cited competition run; open judged course, so whole-lap CW/CCW is not applicable",event-specific judged segment shown in the cited competition source; not the venue full-lap map,C,,,,0,candidate-only,pending-independent-blind-review,,,Event/venue identity lead only. No qualifying route-level evidence is registered; excluded from selected and backup evidence counts.
pl-poznan-tor-poznan-drift-open-2024,reserve,,Drift Open 2024 — Tor Poznan,Drift Open Round,Drift Open,mature_national,2024,Round,Tor Poznan,Poznan,Poland,PL,Europe,permanent,identity-only candidate,"start-to-finish sequence shown by the cited competition run; open judged course, so whole-lap CW/CCW is not applicable",event-specific judged segment shown in the cited competition source; not the venue full-lap map,C,,,,0,candidate-only,pending-independent-blind-review,,,Event/venue identity lead only. No qualifying route-level evidence is registered; excluded from selected and backup evidence counts.
gb-lydden-hill-lydden-hill-race-circuit-king-of-europe-drift-2016,reserve,,King of Europe Drift 2016 — Lydden Hill Race Circuit,King of Europe Drift Round,King of Europe Drift,mature_national,2016,Round,Lydden Hill Race Circuit,Lydden Hill,United Kingdom,GB,Europe,permanent,identity-only candidate,"start-to-finish sequence shown by the cited competition run; open judged course, so whole-lap CW/CCW is not applicable",event-specific judged segment shown in the cited competition source; not the venue full-lap map,C,,,,0,candidate-only,pending-independent-blind-review,,,Event/venue identity lead only. No qualifying route-level evidence is registered; excluded from selected and backup evidence counts.
au-mallala-mallala-motorsport-park-drift-allstars-australia-2023,reserve,,Drift Allstars Australia 2023 — Mallala Motorsport Park,Drift Allstars Australia Round,Drift Allstars Australia,mature_national,2023,Round,Mallala Motorsport Park,Mallala,Australia,AU,Oceania,permanent,identity-only candidate,"start-to-finish sequence shown by the cited competition run; open judged course, so whole-lap CW/CCW is not applicable",event-specific judged segment shown in the cited competition source; not the venue full-lap map,C,,,,0,candidate-only,pending-independent-blind-review,,,Event/venue identity lead only. No qualifying route-level evidence is registered; excluded from selected and backup evidence counts.
in-coimbatore-kari-motor-speedway-indian-drift-challenge-2023,reserve,,Indian Drift Challenge 2023 — Kari Motor Speedway,Indian Drift Challenge Round,Indian Drift Challenge,mature_national,2023,Round,Kari Motor Speedway,Coimbatore,India,IN,Asia (excluding Japan),permanent,identity-only candidate,"start-to-finish sequence shown by the cited competition run; open judged course, so whole-lap CW/CCW is not applicable",event-specific judged segment shown in the cited competition source; not the venue full-lap map,C,,,,0,candidate-only,pending-independent-blind-review,,,Event/venue identity lead only. No qualifying route-level evidence is registered; excluded from selected and backup evidence counts.
pe-lima-autodromo-la-chutana-prodrift-peru-2023,reserve,,ProDrift Peru 2023 — Autodromo La Chutana,ProDrift Peru Round,ProDrift Peru,mature_national,2023,Round,Autodromo La Chutana,Lima,Peru,PE,Latin America (excluding Mexico),permanent,identity-only candidate,"start-to-finish sequence shown by the cited competition run; open judged course, so whole-lap CW/CCW is not applicable",event-specific judged segment shown in the cited competition source; not the venue full-lap map,C,,,,0,candidate-only,pending-independent-blind-review,,,Event/venue identity lead only. No qualifying route-level evidence is registered; excluded from selected and backup evidence counts.
eg-cairo-cairo-festival-city-event-site-red-bull-car-park-drift-2024,reserve,,Red Bull Car Park Drift 2024 — Cairo Festival City event site,Red Bull Car Park Drift Qualifier,Red Bull Car Park Drift,mature_national,2024,Qualifier,Cairo Festival City event site,Cairo,Egypt,EG,Middle East and Africa,parking,identity-only candidate,"start-to-finish sequence shown by the cited competition run; open judged course, so whole-lap CW/CCW is not applicable",event-specific judged segment shown in the cited competition source; not the venue full-lap map,C,,,,0,candidate-only,pending-independent-blind-review,,,Event/venue identity lead only. No qualifying route-level evidence is registered; excluded from selected and backup evidence counts.
mz-maputo-automovel-e-touring-clube-de-moc-campeonato-nacional-de-drift-2023,reserve,,Campeonato Nacional de Drift 2023 — Automovel e Touring Clube de Mocambique,Campeonato Nacional de Drift Round,Campeonato Nacional de Drift,mature_national,2023,Round,Automovel e Touring Clube de Mocambique,Maputo,Mozambique,MZ,Middle East and Africa,other,identity-only candidate,"start-to-finish sequence shown by the cited competition run; open judged course, so whole-lap CW/CCW is not applicable",event-specific judged segment shown in the cited competition source; not the venue full-lap map,C,,,,0,candidate-only,pending-independent-blind-review,,,Event/venue identity lead only. No qualifying route-level evidence is registered; excluded from selected and backup evidence counts.
