track_id,display_name,event_name,series,event_tier,event_year,round,venue_name,city,country_or_region,iso_country_code,atlas_region,venue_type,course_variant,direction,course_segment,start_description,finish_description,initiation_description,judged_features,selection_score,diversity_tags,evidence_status,production_clearance,redraw_basis,source_licenses,derivative_risk,researcher,reviewer,status,version
jp-maibara-okuibuki-motor-park-d1gp-2024,D1GP 2024 — Okuibuki Motor Park,D1GP Rd.1,D1GP,international_continental_top,2024,Rd.1,Okuibuki Motor Park,Maibara,Japan,JP,Japan,parking,D1GP parking-course layout,access-road start → downhill acceleration → right-hand entry → outer-perimeter judged transitions → finish,"Start at the access road to Parking Area 3, descend through the acceleration zone, right-angle right, outer perimeter, then the documented multi-transition judged section to finish.","connection road to Parking Area 3, as stated by D1",after the final documented transition,sharp initiation toward Turn 1 after the outer-perimeter approach,three D1-described zones; marker coordinates must be transcribed from the official event visual,96,temporary|parking|official-course-description,source-threshold-met,pending-independent-blind-review,Reconstruct factual topology from the competition run plus a separate OSM/venue context map; do not trace either source artwork.,Competition media: reference-only; OSM context: ODbL attribution required if geometry is derived.,medium,Codex research execution 2026-08-17,,research-complete,1.0.0
jp-shimotsuma-tsukuba-circuit-d1gp-2024,D1GP 2024 — Tsukuba Circuit,D1GP Rd.3,D1GP,international_continental_top,2024,Rd.3,Tsukuba Circuit,Shimotsuma,Japan,JP,Japan,permanent,Course 2000 event judged sector,"start-to-finish sequence shown by the cited competition run; open judged course, so whole-lap CW/CCW is not applicable",event-specific judged segment shown in the cited competition source; not the venue full-lap map,marked/staged competition start visible in the cited run,end of the judged sequence visible in the cited run,first judged initiation visible after the acceleration zone; exact marker coordinates require the production review pass,only features visibly marked or repeatedly demonstrated in the cited event source; no inferred clip points are authorized,91,permanent|high-speed,source-threshold-met,pending-independent-blind-review,Reconstruct factual topology from the competition run plus a separate OSM/venue context map; do not trace either source artwork.,Competition media: reference-only; OSM context: ODbL attribution required if geometry is derived.,medium,Codex research execution 2026-08-17,,research-complete,1.0.0
jp-nihonmatsu-ebisu-circuit-west-course-d1gp-2024,D1GP 2024 — Ebisu Circuit West Course,D1GP Rd.5,D1GP,international_continental_top,2024,Rd.5,Ebisu Circuit West Course,Nihonmatsu,Japan,JP,Japan,permanent,West Course S-transition judged sector,event start → constrained straight/feint → Turn 1 outer zone → West Course judged continuation → finish,"West Course judged section: straight constrained to force an S-like feint before Turn 1, continuing through the documented hairpin-zone sequence.",marked/staged competition start visible in the cited run,end of the judged sequence visible in the cited run,first judged initiation visible after the acceleration zone; exact marker coordinates require the production review pass,official report confirms the Turn 1 outer zone and changed straight restriction,95,permanent|reverse-entry|official-course-description,source-threshold-met,pending-independent-blind-review,Reconstruct factual topology from the competition run plus a separate OSM/venue context map; do not trace either source artwork.,Competition media: reference-only; OSM context: ODbL attribution required if geometry is derived.,medium,Codex research execution 2026-08-17,,research-complete,1.0.0
jp-hita-autopolis-d1gp-2024,D1GP 2024 — Autopolis,D1GP Rd.7,D1GP,international_continental_top,2024,Rd.7,Autopolis,Hita,Japan,JP,Japan,permanent,reverse main-straight/final-corner sector,main straight in reverse venue direction → final corner → uphill exit finish,"Reverse-direction sector starting on the main straight, using the final corner, and finishing on corner exit.",main straight start in reverse direction,on the exit after the final corner,first judged initiation visible after the acceleration zone; exact marker coordinates require the production review pass,official report says zones were broadly retained from 2023 and required full-zone tracing,96,permanent|reverse|official-course-description,source-threshold-met,pending-independent-blind-review,Reconstruct factual topology from the competition run plus a separate OSM/venue context map; do not trace either source artwork.,Competition media: reference-only; OSM context: ODbL attribution required if geometry is derived.,medium,Codex research execution 2026-08-17,,research-complete,1.0.0
jp-tokyo-odaiba-special-venue-d1gp-2024,D1GP 2024 — Odaiba Special Venue,D1GP Rd.9,D1GP,international_continental_top,2024,Rd.9,Odaiba Special Venue,Tokyo,Japan,JP,Japan,parking,2024 NOP-area temporary course,start → right acceleration corner → short straight/initiation → outer arc → low-speed transition → final corner → finish,"Temporary Odaiba course: immediate right acceleration corner, short straight, initiation, large outer-perimeter arc, low-speed transition, final corner and finish.",marked/staged competition start visible in the cited run,end of the judged sequence visible in the cited run,first judged initiation visible after the acceleration zone; exact marker coordinates require the production review pass,only features visibly marked or repeatedly demonstrated in the cited event source; no inferred clip points are authorized,95,temporary|parking|official-course-description,source-threshold-met,pending-independent-blind-review,Reconstruct factual topology from the competition run plus a separate OSM/venue context map; do not trace either source artwork.,Competition media: reference-only; OSM context: ODbL attribution required if geometry is derived.,medium,Codex research execution 2026-08-17,,research-complete,1.0.0
jp-oyama-fuji-speedway-formula-drift-japan-2024,Formula Drift Japan 2024 — Fuji Speedway,Formula Drift Japan Rd.1,Formula Drift Japan,international_continental_top,2024,Rd.1,Fuji Speedway,Oyama,Japan,JP,Japan,permanent,event barrier course on Fuji facility,"start-to-finish sequence shown by the cited competition run; open judged course, so whole-lap CW/CCW is not applicable",event-specific judged segment shown in the cited competition source; not the venue full-lap map,marked/staged competition start visible in the cited run,end of the judged sequence visible in the cited run,first judged initiation visible after the acceleration zone; exact marker coordinates require the production review pass,only features visibly marked or repeatedly demonstrated in the cited event source; no inferred clip points are authorized,92,permanent|international-field,source-threshold-met,pending-independent-blind-review,Reconstruct factual topology from the competition run plus a separate OSM/venue context map; do not trace either source artwork.,Competition media: reference-only; OSM context: ODbL attribution required if geometry is derived.,medium,Codex research execution 2026-08-17,,research-complete,1.0.0
jp-suzuka-suzuka-twin-circuit-formula-drift-japan-2024,Formula Drift Japan 2024 — Suzuka Twin Circuit,Formula Drift Japan Rd.2,Formula Drift Japan,international_continental_top,2024,Rd.2,Suzuka Twin Circuit,Suzuka,Japan,JP,Japan,permanent,event judged sector,"start-to-finish sequence shown by the cited competition run; open judged course, so whole-lap CW/CCW is not applicable",event-specific judged segment shown in the cited competition source; not the venue full-lap map,marked/staged competition start visible in the cited run,end of the judged sequence visible in the cited run,first judged initiation visible after the acceleration zone; exact marker coordinates require the production review pass,only features visibly marked or repeatedly demonstrated in the cited event source; no inferred clip points are authorized,93,permanent|official-broadcast,source-threshold-met,pending-independent-blind-review,Reconstruct factual topology from the competition run plus a separate OSM/venue context map; do not trace either source artwork.,Competition media: reference-only; OSM context: ODbL attribution required if geometry is derived.,medium,Codex research execution 2026-08-17,,research-complete,1.0.0
jp-nihonmatsu-ebisu-circuit-west-course-formula-drift-japan-2024,Formula Drift Japan 2024 — Ebisu Circuit West Course,Formula Drift Japan Rd.3,Formula Drift Japan,international_continental_top,2024,Rd.3,Ebisu Circuit West Course,Nihonmatsu,Japan,JP,Japan,permanent,FDJ West Course judged sector,"start-to-finish sequence shown by the cited competition run; open judged course, so whole-lap CW/CCW is not applicable",event-specific judged segment shown in the cited competition source; not the venue full-lap map,marked/staged competition start visible in the cited run,end of the judged sequence visible in the cited run,first judged initiation visible after the acceleration zone; exact marker coordinates require the production review pass,only features visibly marked or repeatedly demonstrated in the cited event source; no inferred clip points are authorized,94,permanent|official-broadcast,source-threshold-met,pending-independent-blind-review,Reconstruct factual topology from the competition run plus a separate OSM/venue context map; do not trace either source artwork.,Competition media: reference-only; OSM context: ODbL attribution required if geometry is derived.,medium,Codex research execution 2026-08-17,,research-complete,1.0.0
jp-murata-sportsland-sugo-formula-drift-japan-2024,Formula Drift Japan 2024 — Sportsland Sugo,Formula Drift Japan Rd.4,Formula Drift Japan,international_continental_top,2024,Rd.4,Sportsland Sugo,Murata,Japan,JP,Japan,permanent,event judged sector,"start-to-finish sequence shown by the cited competition run; open judged course, so whole-lap CW/CCW is not applicable",event-specific judged segment shown in the cited competition source; not the venue full-lap map,marked/staged competition start visible in the cited run,end of the judged sequence visible in the cited run,first judged initiation visible after the acceleration zone; exact marker coordinates require the production review pass,only features visibly marked or repeatedly demonstrated in the cited event source; no inferred clip points are authorized,82,permanent,source-threshold-met,pending-independent-blind-review,Reconstruct factual topology from the competition run plus a separate OSM/venue context map; do not trace either source artwork.,Competition media: reference-only; OSM context: ODbL attribution required if geometry is derived.,medium,Codex research execution 2026-08-17,,research-complete,1.0.0
jp-mimasaka-okayama-international-circuit-formula-drift-japan-2024,Formula Drift Japan 2024 — Okayama International Circuit,Formula Drift Japan Rd.6,Formula Drift Japan,international_continental_top,2024,Rd.6,Okayama International Circuit,Mimasaka,Japan,JP,Japan,permanent,event judged sector,"start-to-finish sequence shown by the cited competition run; open judged course, so whole-lap CW/CCW is not applicable",event-specific judged segment shown in the cited competition source; not the venue full-lap map,marked/staged competition start visible in the cited run,end of the judged sequence visible in the cited run,first judged initiation visible after the acceleration zone; exact marker coordinates require the production review pass,only features visibly marked or repeatedly demonstrated in the cited event source; no inferred clip points are authorized,92,permanent|official-broadcast,source-threshold-met,pending-independent-blind-review,Reconstruct factual topology from the competition run plus a separate OSM/venue context map; do not trace either source artwork.,Competition media: reference-only; OSM context: ODbL attribution required if geometry is derived.,medium,Codex research execution 2026-08-17,,research-complete,1.0.0
us-long-beach-grand-prix-of-long-beach-street-super-drift-challenge-2024,Super Drift Challenge 2024 — Grand Prix of Long Beach street circuit,Grand Prix of Long Beach Super Drift Challenge,Super Drift Challenge,historic_independent_invitation,2024,Invitational,Grand Prix of Long Beach street circuit,Long Beach,United States,US,North America,street,Grand Prix street-course drift sector,"start-to-finish sequence shown by the cited competition run; open judged course, so whole-lap CW/CCW is not applicable",event-specific judged segment shown in the cited competition source; not the venue full-lap map,marked/staged competition start visible in the cited run,end of the judged sequence visible in the cited run,first judged initiation visible after the acceleration zone; exact marker coordinates require the production review pass,only features visibly marked or repeatedly demonstrated in the cited event source; no inferred clip points are authorized,94,temporary|street|invitational,source-threshold-met,pending-independent-blind-review,Reconstruct factual topology from the competition run plus a separate OSM/venue context map; do not trace either source artwork.,Competition media: reference-only; OSM context: ODbL attribution required if geometry is derived.,medium,Codex research execution 2026-08-17,,research-complete,1.0.0
us-braselton-michelin-raceway-road-atlanta-formula-drift-2026,Formula Drift 2026 — Michelin Raceway Road Atlanta,Formula Drift Rd.2,Formula Drift,international_continental_top,2026,Rd.2,Michelin Raceway Road Atlanta,Braselton,United States,US,North America,permanent,Formula Drift downhill judged sector,"start-to-finish sequence shown by the cited competition run; open judged course, so whole-lap CW/CCW is not applicable",event-specific judged segment shown in the cited competition source; not the venue full-lap map,marked/staged competition start visible in the cited run,end of the judged sequence visible in the cited run,first judged initiation visible after the acceleration zone; exact marker coordinates require the production review pass,only features visibly marked or repeatedly demonstrated in the cited event source; no inferred clip points are authorized,98,permanent|high-speed|official-course-map,source-threshold-met,pending-independent-blind-review,Reconstruct factual topology from the competition run plus a separate OSM/venue context map; do not trace either source artwork.,Competition media: reference-only; OSM context: ODbL attribution required if geometry is derived.,medium,Codex research execution 2026-08-17,,research-complete,1.0.0
us-orlando-orlando-speed-world-formula-drift-2026,Formula Drift 2026 — Orlando Speed World,Formula Drift Rd.3,Formula Drift,international_continental_top,2026,Rd.3,Orlando Speed World,Orlando,United States,US,North America,permanent,bank/transition judged sector,"start-to-finish sequence shown by the cited competition run; open judged course, so whole-lap CW/CCW is not applicable",event-specific judged segment shown in the cited competition source; not the venue full-lap map,marked/staged competition start visible in the cited run,end of the judged sequence visible in the cited run,first judged initiation visible after the acceleration zone; exact marker coordinates require the production review pass,only features visibly marked or repeatedly demonstrated in the cited event source; no inferred clip points are authorized,97,permanent|oval-infield|official-course-map,source-threshold-met,pending-independent-blind-review,Reconstruct factual topology from the competition run plus a separate OSM/venue context map; do not trace either source artwork.,Competition media: reference-only; OSM context: ODbL attribution required if geometry is derived.,medium,Codex research execution 2026-08-17,,research-complete,1.0.0
us-stafford-springs-stafford-motor-speedway-formula-drift-2026,Formula Drift 2026 — Stafford Motor Speedway,Formula Drift Rd.4,Formula Drift,international_continental_top,2026,Rd.4,Stafford Motor Speedway,Stafford Springs,United States,US,North America,permanent,oval judged sector,"start-to-finish sequence shown by the cited competition run; open judged course, so whole-lap CW/CCW is not applicable",event-specific judged segment shown in the cited competition source; not the venue full-lap map,marked/staged competition start visible in the cited run,end of the judged sequence visible in the cited run,first judged initiation visible after the acceleration zone; exact marker coordinates require the production review pass,only features visibly marked or repeatedly demonstrated in the cited event source; no inferred clip points are authorized,98,permanent|oval-infield|official-course-map,source-threshold-met,pending-independent-blind-review,Reconstruct factual topology from the competition run plus a separate OSM/venue context map; do not trace either source artwork.,Competition media: reference-only; OSM context: ODbL attribution required if geometry is derived.,medium,Codex research execution 2026-08-17,,research-complete,1.0.0
us-madison-world-wide-technology-raceway-formula-drift-2024,Formula Drift 2024 — World Wide Technology Raceway,Formula Drift Rd.5,Formula Drift,international_continental_top,2024,Rd.5,World Wide Technology Raceway,Madison,United States,US,North America,permanent,oval/infield judged sector,"start-to-finish sequence shown by the cited competition run; open judged course, so whole-lap CW/CCW is not applicable",event-specific judged segment shown in the cited competition source; not the venue full-lap map,marked/staged competition start visible in the cited run,end of the judged sequence visible in the cited run,first judged initiation visible after the acceleration zone; exact marker coordinates require the production review pass,only features visibly marked or repeatedly demonstrated in the cited event source; no inferred clip points are authorized,92,permanent|oval-infield,source-threshold-met,pending-independent-blind-review,Reconstruct factual topology from the competition run plus a separate OSM/venue context map; do not trace either source artwork.,Competition media: reference-only; OSM context: ODbL attribution required if geometry is derived.,medium,Codex research execution 2026-08-17,,research-complete,1.0.0
us-monroe-evergreen-speedway-formula-drift-2024,Formula Drift 2024 — Evergreen Speedway,Formula Drift Rd.6,Formula Drift,international_continental_top,2024,Rd.6,Evergreen Speedway,Monroe,United States,US,North America,permanent,bank-to-infield judged sector,"start-to-finish sequence shown by the cited competition run; open judged course, so whole-lap CW/CCW is not applicable",event-specific judged segment shown in the cited competition source; not the venue full-lap map,marked/staged competition start visible in the cited run,end of the judged sequence visible in the cited run,first judged initiation visible after the acceleration zone; exact marker coordinates require the production review pass,only features visibly marked or repeatedly demonstrated in the cited event source; no inferred clip points are authorized,90,permanent|banked-oval,source-threshold-met,pending-independent-blind-review,Reconstruct factual topology from the competition run plus a separate OSM/venue context map; do not trace either source artwork.,Competition media: reference-only; OSM context: ODbL attribution required if geometry is derived.,medium,Codex research execution 2026-08-17,,research-complete,1.0.0
us-las-vegas-las-vegas-motor-speedway-formula-drift-2012,Formula Drift 2012 — Las Vegas Motor Speedway,Formula Drift Rd.6,Formula Drift,international_continental_top,2012,Rd.6,Las Vegas Motor Speedway,Las Vegas,United States,US,North America,parking,After Dark temporary course,"start-to-finish sequence shown by the cited competition run; open judged course, so whole-lap CW/CCW is not applicable",event-specific judged segment shown in the cited competition source; not the venue full-lap map,marked/staged competition start visible in the cited run,end of the judged sequence visible in the cited run,first judged initiation visible after the acceleration zone; exact marker coordinates require the production review pass,only features visibly marked or repeatedly demonstrated in the cited event source; no inferred clip points are authorized,88,temporary|parking|historic,source-threshold-met,pending-independent-blind-review,Reconstruct factual topology from the competition run plus a separate OSM/venue context map; do not trace either source artwork.,Competition media: reference-only; OSM context: ODbL attribution required if geometry is derived.,medium,Codex research execution 2026-08-17,,research-complete,1.0.0
us-irwindale-irwindale-speedway-formula-drift-2024,Formula Drift 2024 — Irwindale Speedway,Formula Drift Rd.8,Formula Drift,international_continental_top,2024,Rd.8,Irwindale Speedway,Irwindale,United States,US,North America,permanent,bank-to-infield House of Drift sector,"start-to-finish sequence shown by the cited competition run; open judged course, so whole-lap CW/CCW is not applicable",event-specific judged segment shown in the cited competition source; not the venue full-lap map,marked/staged competition start visible in the cited run,end of the judged sequence visible in the cited run,first judged initiation visible after the acceleration zone; exact marker coordinates require the production review pass,only features visibly marked or repeatedly demonstrated in the cited event source; no inferred clip points are authorized,95,permanent|banked-oval,source-threshold-met,pending-independent-blind-review,Reconstruct factual topology from the competition run plus a separate OSM/venue context map; do not trace either source artwork.,Competition media: reference-only; OSM context: ODbL attribution required if geometry is derived.,medium,Codex research execution 2026-08-17,,research-complete,1.0.0
ca-montmagny-autodrome-montmagny-dmcc-2024,DMCC 2024 — Autodrome Montmagny,DMCC Rd.4,DMCC,mature_national,2024,Rd.4,Autodrome Montmagny,Montmagny,Canada,CA,North America,permanent,speedway judged sector,"start-to-finish sequence shown by the cited competition run; open judged course, so whole-lap CW/CCW is not applicable",event-specific judged segment shown in the cited competition source; not the venue full-lap map,marked/staged competition start visible in the cited run,end of the judged sequence visible in the cited run,first judged initiation visible after the acceleration zone; exact marker coordinates require the production review pass,only features visibly marked or repeatedly demonstrated in the cited event source; no inferred clip points are authorized,86,permanent|national-series,source-threshold-met,pending-independent-blind-review,Reconstruct factual topology from the competition run plus a separate OSM/venue context map; do not trace either source artwork.,Competition media: reference-only; OSM context: ODbL attribution required if geometry is derived.,medium,Codex research execution 2026-08-17,,research-complete,1.0.0
mx-queretaro-autodromo-de-queretaro-mexican-drift-championship-2024,Mexican Drift Championship 2024 — Autodromo de Queretaro,Mexican Drift Championship Round 3,Mexican Drift Championship,mature_national,2024,Round 3,Autodromo de Queretaro,Queretaro,Mexico,MX,North America,permanent,event judged sector,"start-to-finish sequence shown by the cited competition run; open judged course, so whole-lap CW/CCW is not applicable",event-specific judged segment shown in the cited competition source; not the venue full-lap map,marked/staged competition start visible in the cited run,end of the judged sequence visible in the cited run,first judged initiation visible after the acceleration zone; exact marker coordinates require the production review pass,only features visibly marked or repeatedly demonstrated in the cited event source; no inferred clip points are authorized,75,permanent|two-source-route,source-threshold-met,pending-independent-blind-review,Reconstruct factual topology from the competition run plus a separate OSM/venue context map; do not trace either source artwork.,Competition media: reference-only; OSM context: ODbL attribution required if geometry is derived.,high,Codex research execution 2026-08-17,,research-complete,1.0.0
it-rome-autodromo-vallelunga-piero-taruf-drift-masters-2026,Drift Masters 2026 — Autodromo Vallelunga Piero Taruffi,Drift Masters Rd.1,Drift Masters,international_continental_top,2026,Rd.1,Autodromo Vallelunga Piero Taruffi,Rome,Italy,IT,Europe,permanent,official 2026 briefing course,"start-to-finish sequence shown by the cited competition run; open judged course, so whole-lap CW/CCW is not applicable",event-specific judged segment shown in the cited competition source; not the venue full-lap map,marked/staged competition start visible in the cited run,end of the judged sequence visible in the cited run,first judged initiation visible after the acceleration zone; exact marker coordinates require the production review pass,"official briefing-defined initiation, inner/outer zones, scoring line and finish; transcribe only the numbered briefing geometry",99,permanent|continental|official-course-map|official-zones,source-threshold-met,pending-independent-blind-review,Reconstruct factual topology from the competition run plus a separate OSM/venue context map; do not trace either source artwork.,Competition media: reference-only; OSM context: ODbL attribution required if geometry is derived.,medium,Codex research execution 2026-08-17,,research-complete,1.0.0
es-madrid-circuito-de-madrid-jarama-race-drift-masters-2026,Drift Masters 2026 — Circuito de Madrid Jarama RACE,Drift Masters Rd.2,Drift Masters,international_continental_top,2026,Rd.2,Circuito de Madrid Jarama RACE,Madrid,Spain,ES,Europe,permanent,official 2026 briefing course,"start-to-finish sequence shown by the cited competition run; open judged course, so whole-lap CW/CCW is not applicable",event-specific judged segment shown in the cited competition source; not the venue full-lap map,marked/staged competition start visible in the cited run,end of the judged sequence visible in the cited run,first judged initiation visible after the acceleration zone; exact marker coordinates require the production review pass,"official briefing-defined initiation cone, inner/outer zones, scoring line and finish",99,permanent|continental|official-course-map|official-zones,source-threshold-met,pending-independent-blind-review,Reconstruct factual topology from the competition run plus a separate OSM/venue context map; do not trace either source artwork.,Competition media: reference-only; OSM context: ODbL attribution required if geometry is derived.,medium,Codex research execution 2026-08-17,,research-complete,1.0.0
ie-kildare-mondello-park-drift-masters-2026,Drift Masters 2026 — Mondello Park,Drift Masters Rd.3,Drift Masters,international_continental_top,2026,Rd.3,Mondello Park,Kildare,Ireland,IE,Europe,permanent,official 2026 briefing course,"start-to-finish sequence shown by the cited competition run; open judged course, so whole-lap CW/CCW is not applicable",event-specific judged segment shown in the cited competition source; not the venue full-lap map,marked/staged competition start visible in the cited run,end of the judged sequence visible in the cited run,first judged initiation visible after the acceleration zone; exact marker coordinates require the production review pass,"official briefing-defined initiation cone, inner/outer zones, scoring line and finish",99,permanent|continental|official-course-map|official-zones,source-threshold-met,pending-independent-blind-review,Reconstruct factual topology from the competition run plus a separate OSM/venue context map; do not trace either source artwork.,Competition media: reference-only; OSM context: ODbL attribution required if geometry is derived.,medium,Codex research execution 2026-08-17,,research-complete,1.0.0
fi-hameenlinna-ahvenisto-race-circuit-drift-masters-2026,Drift Masters 2026 — Ahvenisto Race Circuit,Drift Masters Rd.4,Drift Masters,international_continental_top,2026,Rd.4,Ahvenisto Race Circuit,Hameenlinna,Finland,FI,Europe,permanent,official 2026 briefing course,"start-to-finish sequence shown by the cited competition run; open judged course, so whole-lap CW/CCW is not applicable",event-specific judged segment shown in the cited competition source; not the venue full-lap map,marked/staged competition start visible in the cited run,end of the judged sequence visible in the cited run,first judged initiation visible after the acceleration zone; exact marker coordinates require the production review pass,"official briefing-defined initiation cone, inner/outer zones, scoring line and finish",99,permanent|continental|official-course-map|official-zones|elevation,source-threshold-met,pending-independent-blind-review,Reconstruct factual topology from the competition run plus a separate OSM/venue context map; do not trace either source artwork.,Competition media: reference-only; OSM context: ODbL attribution required if geometry is derived.,medium,Codex research execution 2026-08-17,,research-complete,1.0.0
lv-riga-bikernieki-circuit-drift-masters-2026,Drift Masters 2026 — Bikernieki Circuit,Drift Masters Rd.5,Drift Masters,international_continental_top,2026,Rd.5,Bikernieki Circuit,Riga,Latvia,LV,Europe,permanent,official 2026 briefing course,"start-to-finish sequence shown by the cited competition run; open judged course, so whole-lap CW/CCW is not applicable",event-specific judged segment shown in the cited competition source; not the venue full-lap map,marked/staged competition start visible in the cited run,end of the judged sequence visible in the cited run,first judged initiation visible after the acceleration zone; exact marker coordinates require the production review pass,official briefing states scoring starts at the standing cone/white line before OZ1 and defines all zones to finish,99,permanent|continental|official-course-map|official-zones|high-speed,source-threshold-met,pending-independent-blind-review,Reconstruct factual topology from the competition run plus a separate OSM/venue context map; do not trace either source artwork.,Competition media: reference-only; OSM context: ODbL attribution required if geometry is derived.,medium,Codex research execution 2026-08-17,,research-complete,1.0.0
de-grafenhainichen-ferropolis-drift-masters-2026,Drift Masters 2026 — Ferropolis,Drift Masters Rd.6,Drift Masters,international_continental_top,2026,Rd.6,Ferropolis,Grafenhainichen,Germany,DE,Europe,parking,official 2026 industrial-site course,"start-to-finish sequence shown by the cited competition run; open judged course, so whole-lap CW/CCW is not applicable",event-specific judged segment shown in the cited competition source; not the venue full-lap map,marked/staged competition start visible in the cited run,end of the judged sequence visible in the cited run,first judged initiation visible after the acceleration zone; exact marker coordinates require the production review pass,"official briefing-defined scoring-zone start, initiation instruction, inner/outer zones and finish",99,temporary|industrial|continental|official-course-map|official-zones,source-threshold-met,pending-independent-blind-review,Reconstruct factual topology from the competition run plus a separate OSM/venue context map; do not trace either source artwork.,Competition media: reference-only; OSM context: ODbL attribution required if geometry is derived.,medium,Codex research execution 2026-08-17,,research-complete,1.0.0
gb-liverpool-liverpool-waterfront-temporary-c-red-bull-drift-shifters-2018,Red Bull Drift Shifters 2018 — Liverpool Waterfront temporary course,Red Bull Drift Shifters Invitational,Red Bull Drift Shifters,historic_independent_invitation,2018,Invitational,Liverpool Waterfront temporary course,Liverpool,United Kingdom,GB,Europe,street,sensor-scored temporary street course,"start-to-finish sequence shown by the cited competition run; open judged course, so whole-lap CW/CCW is not applicable",event-specific judged segment shown in the cited competition source; not the venue full-lap map,marked/staged competition start visible in the cited run,end of the judged sequence visible in the cited run,first judged initiation visible after the acceleration zone; exact marker coordinates require the production review pass,only features visibly marked or repeatedly demonstrated in the cited event source; no inferred clip points are authorized,91,temporary|street|invitational,source-threshold-met,pending-independent-blind-review,Reconstruct factual topology from the competition run plus a separate OSM/venue context map; do not trace either source artwork.,Competition media: reference-only; OSM context: ODbL attribution required if geometry is derived.,medium,Codex research execution 2026-08-17,,research-complete,1.0.0
it-prato-prato-event-car-park-campionato-italiano-drifting-2026,Campionato Italiano Drifting 2026 — Prato event car park,Campionato Italiano Drifting Rd.2,Campionato Italiano Drifting,mature_national,2026,Rd.2,Prato event car park,Prato,Italy,IT,Europe,parking,official car-park challenge course,"start-to-finish sequence shown by the cited competition run; open judged course, so whole-lap CW/CCW is not applicable",event-specific judged segment shown in the cited competition source; not the venue full-lap map,marked/staged competition start visible in the cited run,end of the judged sequence visible in the cited run,first judged initiation visible after the acceleration zone; exact marker coordinates require the production review pass,only features visibly marked or repeatedly demonstrated in the cited event source; no inferred clip points are authorized,88,temporary|parking|national-series,source-threshold-met,pending-independent-blind-review,Reconstruct factual topology from the competition run plus a separate OSM/venue context map; do not trace either source artwork.,Competition media: reference-only; OSM context: ODbL attribution required if geometry is derived.,medium,Codex research execution 2026-08-17,,research-complete,1.0.0
de-nurburg-nurburgring-mullenbachschleife-nurburgring-drift-cup-2026,Nurburgring Drift Cup 2026 — Nurburgring Mullenbachschleife,Nurburgring Drift Cup Rd.1,Nurburgring Drift Cup,mature_national,2026,Rd.1,Nurburgring Mullenbachschleife,Nurburg,Germany,DE,Europe,permanent,Mullenbachschleife judged sector,"start-to-finish sequence shown by the cited competition run; open judged course, so whole-lap CW/CCW is not applicable",event-specific judged segment shown in the cited competition source; not the venue full-lap map,marked/staged competition start visible in the cited run,end of the judged sequence visible in the cited run,first judged initiation visible after the acceleration zone; exact marker coordinates require the production review pass,only features visibly marked or repeatedly demonstrated in the cited event source; no inferred clip points are authorized,89,permanent|national-series,source-threshold-met,pending-independent-blind-review,Reconstruct factual topology from the competition run plus a separate OSM/venue context map; do not trace either source artwork.,Competition media: reference-only; OSM context: ODbL attribution required if geometry is derived.,medium,Codex research execution 2026-08-17,,research-complete,1.0.0
fr-croix-en-ternois-circuit-de-croix-en-ternois-championnat-de-france-de-drift-2024,Championnat de France de Drift 2024 — Circuit de Croix-en-Ternois,Championnat de France de Drift Rd.4,Championnat de France de Drift,mature_national,2024,Rd.4,Circuit de Croix-en-Ternois,Croix-en-Ternois,France,FR,Europe,permanent,event judged sector,"start-to-finish sequence shown by the cited competition run; open judged course, so whole-lap CW/CCW is not applicable",event-specific judged segment shown in the cited competition source; not the venue full-lap map,marked/staged competition start visible in the cited run,end of the judged sequence visible in the cited run,first judged initiation visible after the acceleration zone; exact marker coordinates require the production review pass,only features visibly marked or repeatedly demonstrated in the cited event source; no inferred clip points are authorized,90,permanent|national-series,source-threshold-met,pending-independent-blind-review,Reconstruct factual topology from the competition run plus a separate OSM/venue context map; do not trace either source artwork.,Competition media: reference-only; OSM context: ODbL attribution required if geometry is derived.,medium,Codex research execution 2026-08-17,,research-complete,1.0.0
gr-serres-serres-racing-circuit-drift-kings-2024,Drift Kings 2024 — Serres Racing Circuit,Drift Kings Retro Cup,Drift Kings,historic_independent_invitation,2024,Retro Cup,Serres Racing Circuit,Serres,Greece,GR,Europe,permanent,Retro Cup judged sector,"start-to-finish sequence shown by the cited competition run; open judged course, so whole-lap CW/CCW is not applicable",event-specific judged segment shown in the cited competition source; not the venue full-lap map,marked/staged competition start visible in the cited run,end of the judged sequence visible in the cited run,first judged initiation visible after the acceleration zone; exact marker coordinates require the production review pass,only features visibly marked or repeatedly demonstrated in the cited event source; no inferred clip points are authorized,78,permanent|independent|historic-cars,source-threshold-met,pending-independent-blind-review,Reconstruct factual topology from the competition run plus a separate OSM/venue context map; do not trace either source artwork.,Competition media: reference-only; OSM context: ODbL attribution required if geometry is derived.,medium,Codex research execution 2026-08-17,,research-complete,1.0.0
no-rakkestad-rudskogen-motorsenter-gatebil-breisladden-2020,Gatebil Breisladden 2020 — Rudskogen Motorsenter,Gatebil Breisladden Top 6,Gatebil Breisladden,historic_independent_invitation,2020,Top 6,Rudskogen Motorsenter,Rakkestad,Norway,NO,Europe,permanent,Breisladden judged sector,"start-to-finish sequence shown by the cited competition run; open judged course, so whole-lap CW/CCW is not applicable",event-specific judged segment shown in the cited competition source; not the venue full-lap map,marked/staged competition start visible in the cited run,end of the judged sequence visible in the cited run,first judged initiation visible after the acceleration zone; exact marker coordinates require the production review pass,only features visibly marked or repeatedly demonstrated in the cited event source; no inferred clip points are authorized,82,permanent|independent|invitational,source-threshold-met,pending-independent-blind-review,Reconstruct factual topology from the competition run plus a separate OSM/venue context map; do not trace either source artwork.,Competition media: reference-only; OSM context: ODbL attribution required if geometry is derived.,medium,Codex research execution 2026-08-17,,research-complete,1.0.0
nz-taupo-taupo-international-motorsport-p-d1nz-2024,D1NZ 2024 — Taupo International Motorsport Park,D1NZ Rd.1,D1NZ,mature_national,2024,Rd.1,Taupo International Motorsport Park,Taupo,New Zealand,NZ,Oceania,permanent,event judged sector,"start-to-finish sequence shown by the cited competition run; open judged course, so whole-lap CW/CCW is not applicable",event-specific judged segment shown in the cited competition source; not the venue full-lap map,marked/staged competition start visible in the cited run,end of the judged sequence visible in the cited run,first judged initiation visible after the acceleration zone; exact marker coordinates require the production review pass,only features visibly marked or repeatedly demonstrated in the cited event source; no inferred clip points are authorized,90,permanent|national-series,source-threshold-met,pending-independent-blind-review,Reconstruct factual topology from the competition run plus a separate OSM/venue context map; do not trace either source artwork.,Competition media: reference-only; OSM context: ODbL attribution required if geometry is derived.,medium,Codex research execution 2026-08-17,,research-complete,1.0.0
nz-hampton-downs-hampton-downs-motorsport-park-d1nz-2024,D1NZ 2024 — Hampton Downs Motorsport Park,D1NZ Rd.2,D1NZ,mature_national,2024,Rd.2,Hampton Downs Motorsport Park,Hampton Downs,New Zealand,NZ,Oceania,permanent,event judged sector,"start-to-finish sequence shown by the cited competition run; open judged course, so whole-lap CW/CCW is not applicable",event-specific judged segment shown in the cited competition source; not the venue full-lap map,marked/staged competition start visible in the cited run,end of the judged sequence visible in the cited run,first judged initiation visible after the acceleration zone; exact marker coordinates require the production review pass,only features visibly marked or repeatedly demonstrated in the cited event source; no inferred clip points are authorized,90,permanent|national-series,source-threshold-met,pending-independent-blind-review,Reconstruct factual topology from the competition run plus a separate OSM/venue context map; do not trace either source artwork.,Competition media: reference-only; OSM context: ODbL attribution required if geometry is derived.,medium,Codex research execution 2026-08-17,,research-complete,1.0.0
nz-feilding-manfeild-circuit-chris-amon-d1nz-2024,D1NZ 2024 — Manfeild Circuit Chris Amon,D1NZ Rd.4,D1NZ,mature_national,2024,Rd.4,Manfeild Circuit Chris Amon,Feilding,New Zealand,NZ,Oceania,permanent,reverse event judged sector,event-designated reverse course direction; start-to-finish sequence confirmed by broadcast,event-specific judged segment shown in the cited competition source; not the venue full-lap map,marked/staged competition start visible in the cited run,end of the judged sequence visible in the cited run,first judged initiation visible after the acceleration zone; exact marker coordinates require the production review pass,only features visibly marked or repeatedly demonstrated in the cited event source; no inferred clip points are authorized,92,permanent|reverse|national-series,source-threshold-met,pending-independent-blind-review,Reconstruct factual topology from the competition run plus a separate OSM/venue context map; do not trace either source artwork.,Competition media: reference-only; OSM context: ODbL attribution required if geometry is derived.,medium,Codex research execution 2026-08-17,,research-complete,1.0.0
nz-tauranga-baypark-stadium-d1nz-2026,D1NZ 2026 — Baypark Stadium,D1NZ Rd.5,D1NZ,mature_national,2026,Rd.5,Baypark Stadium,Tauranga,New Zealand,NZ,Oceania,stadium,temporary stadium course,"start-to-finish sequence shown by the cited competition run; open judged course, so whole-lap CW/CCW is not applicable",event-specific judged segment shown in the cited competition source; not the venue full-lap map,marked/staged competition start visible in the cited run,end of the judged sequence visible in the cited run,first judged initiation visible after the acceleration zone; exact marker coordinates require the production review pass,only features visibly marked or repeatedly demonstrated in the cited event source; no inferred clip points are authorized,94,temporary|stadium|national-series,source-threshold-met,pending-independent-blind-review,Reconstruct factual topology from the competition run plus a separate OSM/venue context map; do not trace either source artwork.,Competition media: reference-only; OSM context: ODbL attribution required if geometry is derived.,medium,Codex research execution 2026-08-17,,research-complete,1.0.0
au-willowbank-queensland-raceway-hi-tec-oils-drift-allstars-2024,Hi-Tec Oils Drift Allstars 2024 — Queensland Raceway,Hi-Tec Oils Drift Allstars Rd.2,Hi-Tec Oils Drift Allstars,mature_national,2024,Rd.2,Queensland Raceway,Willowbank,Australia,AU,Oceania,permanent,event judged sector,"start-to-finish sequence shown by the cited competition run; open judged course, so whole-lap CW/CCW is not applicable",event-specific judged segment shown in the cited competition source; not the venue full-lap map,marked/staged competition start visible in the cited run,end of the judged sequence visible in the cited run,first judged initiation visible after the acceleration zone; exact marker coordinates require the production review pass,only features visibly marked or repeatedly demonstrated in the cited event source; no inferred clip points are authorized,85,permanent|national-series,source-threshold-met,pending-independent-blind-review,Reconstruct factual topology from the competition run plus a separate OSM/venue context map; do not trace either source artwork.,Competition media: reference-only; OSM context: ODbL attribution required if geometry is derived.,medium,Codex research execution 2026-08-17,,research-complete,1.0.0
sg-singapore-changi-exhibition-centre-formula-drift-asia-2012,Formula Drift Asia 2012 — Changi Exhibition Centre,Formula Drift Asia Singapore round,Formula Drift Asia,international_continental_top,2012,Singapore round,Changi Exhibition Centre,Singapore,Singapore,SG,Asia (excluding Japan),parking,temporary exhibition-centre course,"start-to-finish sequence shown by the cited competition run; open judged course, so whole-lap CW/CCW is not applicable",event-specific judged segment shown in the cited competition source; not the venue full-lap map,marked/staged competition start visible in the cited run,end of the judged sequence visible in the cited run,first judged initiation visible after the acceleration zone; exact marker coordinates require the production review pass,only features visibly marked or repeatedly demonstrated in the cited event source; no inferred clip points are authorized,78,temporary|parking|two-source-route,source-threshold-met,pending-independent-blind-review,Reconstruct factual topology from the competition run plus a separate OSM/venue context map; do not trace either source artwork.,Competition media: reference-only; OSM context: ODbL attribution required if geometry is derived.,medium,Codex research execution 2026-08-17,,research-complete,1.0.0
my-kuala-lumpur-speed-city-kl-formula-drift-asia-2012,Formula Drift Asia 2012 — Speed City KL,Formula Drift Asia Malaysia round,Formula Drift Asia,international_continental_top,2012,Malaysia round,Speed City KL,Kuala Lumpur,Malaysia,MY,Asia (excluding Japan),permanent,event judged sector,"start-to-finish sequence shown by the cited competition run; open judged course, so whole-lap CW/CCW is not applicable",event-specific judged segment shown in the cited competition source; not the venue full-lap map,marked/staged competition start visible in the cited run,end of the judged sequence visible in the cited run,first judged initiation visible after the acceleration zone; exact marker coordinates require the production review pass,only features visibly marked or repeatedly demonstrated in the cited event source; no inferred clip points are authorized,76,permanent|two-source-route,source-threshold-met,pending-independent-blind-review,Reconstruct factual topology from the competition run plus a separate OSM/venue context map; do not trace either source artwork.,Competition media: reference-only; OSM context: ODbL attribution required if geometry is derived.,medium,Codex research execution 2026-08-17,,research-complete,1.0.0
th-bangkok-bangkok-temporary-drift-venue-formula-drift-asia-2012,Formula Drift Asia 2012 — Bangkok temporary drift venue,Formula Drift Asia Thailand round,Formula Drift Asia,international_continental_top,2012,Thailand round,Bangkok temporary drift venue,Bangkok,Thailand,TH,Asia (excluding Japan),parking,temporary Bangkok course,"start-to-finish sequence shown by the cited competition run; open judged course, so whole-lap CW/CCW is not applicable",event-specific judged segment shown in the cited competition source; not the venue full-lap map,marked/staged competition start visible in the cited run,end of the judged sequence visible in the cited run,first judged initiation visible after the acceleration zone; exact marker coordinates require the production review pass,only features visibly marked or repeatedly demonstrated in the cited event source; no inferred clip points are authorized,74,temporary|parking|two-source-route,source-threshold-met,pending-independent-blind-review,Reconstruct factual topology from the competition run plus a separate OSM/venue context map; do not trace either source artwork.,Competition media: reference-only; OSM context: ODbL attribution required if geometry is derived.,high,Codex research execution 2026-08-17,,research-complete,1.0.0
id-jakarta-jiexpo-kemayoran-formula-drift-asia-2011,Formula Drift Asia 2011 — JIExpo Kemayoran,Formula Drift Asia Indonesia round,Formula Drift Asia,international_continental_top,2011,Indonesia round,JIExpo Kemayoran,Jakarta,Indonesia,ID,Asia (excluding Japan),parking,temporary exhibition-centre course,"start-to-finish sequence shown by the cited competition run; open judged course, so whole-lap CW/CCW is not applicable",event-specific judged segment shown in the cited competition source; not the venue full-lap map,marked/staged competition start visible in the cited run,end of the judged sequence visible in the cited run,first judged initiation visible after the acceleration zone; exact marker coordinates require the production review pass,only features visibly marked or repeatedly demonstrated in the cited event source; no inferred clip points are authorized,78,temporary|parking|two-source-route,source-threshold-met,pending-independent-blind-review,Reconstruct factual topology from the competition run plus a separate OSM/venue context map; do not trace either source artwork.,Competition media: reference-only; OSM context: ODbL attribution required if geometry is derived.,medium,Codex research execution 2026-08-17,,research-complete,1.0.0
cn-beijing-beijing-d1-special-venue-d1-grand-prix-china-2016,D1 Grand Prix China 2016 — Beijing D1 Special Venue,D1 Grand Prix China Rd.3–4,D1 Grand Prix China,mature_national,2016,Rd.3–4,Beijing D1 Special Venue,Beijing,China,CN,Asia (excluding Japan),parking,Beijing temporary course,"start-to-finish sequence shown by the cited competition run; open judged course, so whole-lap CW/CCW is not applicable",event-specific judged segment shown in the cited competition source; not the venue full-lap map,marked/staged competition start visible in the cited run,end of the judged sequence visible in the cited run,first judged initiation visible after the acceleration zone; exact marker coordinates require the production review pass,only features visibly marked or repeatedly demonstrated in the cited event source; no inferred clip points are authorized,83,temporary|parking|national-series,source-threshold-met,pending-independent-blind-review,Reconstruct factual topology from the competition run plus a separate OSM/venue context map; do not trace either source artwork.,Competition media: reference-only; OSM context: ODbL attribution required if geometry is derived.,medium,Codex research execution 2026-08-17,,research-complete,1.0.0
tw-taichung-lihpao-racing-park-tdgp2-2026,TDGP2 2026 — Lihpao Racing Park,Taiwan Drift GP2 2026 Round 1,TDGP2,mature_national,2026,Rd.1,Lihpao Racing Park,Taichung,Taiwan,TW,Asia (excluding Japan),permanent,event judged sector,"start-to-finish sequence shown by the cited competition run; open judged course, so whole-lap CW/CCW is not applicable",event-specific judged segment shown in the cited competition source; not the venue full-lap map,marked/staged competition start visible in the cited run,end of the judged sequence visible in the cited run,first judged initiation visible after the acceleration zone; exact marker coordinates require the production review pass,only features visibly marked or repeatedly demonstrated in the cited event source; no inferred clip points are authorized,81,permanent|national-series,source-threshold-met,pending-independent-blind-review,Reconstruct factual topology from the competition run plus a separate OSM/venue context map; do not trace either source artwork.,Competition media: reference-only; OSM context: ODbL attribution required if geometry is derived.,medium,Codex research execution 2026-08-17,,research-complete,1.0.0
br-londrina-autodromo-internacional-ayrton-s-ultimate-drift-2023,Ultimate Drift 2023 — Autodromo Internacional Ayrton Senna,Ultimate Drift Rd.5,Ultimate Drift,mature_national,2023,Rd.5,Autodromo Internacional Ayrton Senna,Londrina,Brazil,BR,Latin America (excluding Mexico),permanent,oval/infield judged sector,"start-to-finish sequence shown by the cited competition run; open judged course, so whole-lap CW/CCW is not applicable",event-specific judged segment shown in the cited competition source; not the venue full-lap map,marked/staged competition start visible in the cited run,end of the judged sequence visible in the cited run,first judged initiation visible after the acceleration zone; exact marker coordinates require the production review pass,only features visibly marked or repeatedly demonstrated in the cited event source; no inferred clip points are authorized,90,permanent|national-series,source-threshold-met,pending-independent-blind-review,Reconstruct factual topology from the competition run plus a separate OSM/venue context map; do not trace either source artwork.,Competition media: reference-only; OSM context: ODbL attribution required if geometry is derived.,medium,Codex research execution 2026-08-17,,research-complete,1.0.0
ar-buenos-aires-autodromo-juan-y-oscar-galvez-drift-sudamerica-2017,Drift Sudamerica 2017 — Autodromo Juan y Oscar Galvez,Drift Sudamerica Buenos Aires competition,Drift Sudamerica,historic_independent_invitation,2017,Buenos Aires competition,Autodromo Juan y Oscar Galvez,Buenos Aires,Argentina,AR,Latin America (excluding Mexico),permanent,event judged sector,"start-to-finish sequence shown by the cited competition run; open judged course, so whole-lap CW/CCW is not applicable",event-specific judged segment shown in the cited competition source; not the venue full-lap map,marked/staged competition start visible in the cited run,end of the judged sequence visible in the cited run,first judged initiation visible after the acceleration zone; exact marker coordinates require the production review pass,only features visibly marked or repeatedly demonstrated in the cited event source; no inferred clip points are authorized,74,permanent|independent|two-source-route,source-threshold-met,pending-independent-blind-review,Reconstruct factual topology from the competition run plus a separate OSM/venue context map; do not trace either source artwork.,Competition media: reference-only; OSM context: ODbL attribution required if geometry is derived.,high,Codex research execution 2026-08-17,,research-complete,1.0.0
cl-san-antonio-autodromo-san-antonio-campeonato-nacional-de-drift-chi-2023,Campeonato Nacional de Drift Chile 2023 — Autodromo San Antonio,Campeonato Nacional de Drift Chile Stage 2,Campeonato Nacional de Drift Chile,mature_national,2023,Stage 2,Autodromo San Antonio,San Antonio,Chile,CL,Latin America (excluding Mexico),permanent,event judged sector,"start-to-finish sequence shown by the cited competition run; open judged course, so whole-lap CW/CCW is not applicable",event-specific judged segment shown in the cited competition source; not the venue full-lap map,marked/staged competition start visible in the cited run,end of the judged sequence visible in the cited run,first judged initiation visible after the acceleration zone; exact marker coordinates require the production review pass,only features visibly marked or repeatedly demonstrated in the cited event source; no inferred clip points are authorized,75,permanent|national-series|two-source-route,source-threshold-met,pending-independent-blind-review,Reconstruct factual topology from the competition run plus a separate OSM/venue context map; do not trace either source artwork.,Competition media: reference-only; OSM context: ODbL attribution required if geometry is derived.,medium,Codex research execution 2026-08-17,,research-complete,1.0.0
cr-alajuela-parque-viva-circuito-starcars-campeonato-nacional-de-drift-cos-2018,Campeonato Nacional de Drift Costa Rica 2018 — Parque Viva Circuito StarCars,Campeonato Nacional de Drift Costa Rica Rd.2,Campeonato Nacional de Drift Costa Rica,mature_national,2018,Rd.2,Parque Viva Circuito StarCars,Alajuela,Costa Rica,CR,Latin America (excluding Mexico),permanent,event judged sector,"start-to-finish sequence shown by the cited competition run; open judged course, so whole-lap CW/CCW is not applicable",event-specific judged segment shown in the cited competition source; not the venue full-lap map,marked/staged competition start visible in the cited run,end of the judged sequence visible in the cited run,first judged initiation visible after the acceleration zone; exact marker coordinates require the production review pass,only features visibly marked or repeatedly demonstrated in the cited event source; no inferred clip points are authorized,77,permanent|national-series|two-source-route,source-threshold-met,pending-independent-blind-review,Reconstruct factual topology from the competition run plus a separate OSM/venue context map; do not trace either source artwork.,Competition media: reference-only; OSM context: ODbL attribution required if geometry is derived.,high,Codex research execution 2026-08-17,,research-complete,1.0.0
om-muscat-muscat-drift-arena-oman-international-drift-champio-2024,Oman International Drift Championship 2024 — Muscat Drift Arena,Oman International Drift Championship Rd.1,Oman International Drift Championship,international_continental_top,2024,Rd.1,Muscat Drift Arena,Muscat,Oman,OM,Middle East and Africa,permanent,arena judged sector,"start-to-finish sequence shown by the cited competition run; open judged course, so whole-lap CW/CCW is not applicable",event-specific judged segment shown in the cited competition source; not the venue full-lap map,marked/staged competition start visible in the cited run,end of the judged sequence visible in the cited run,first judged initiation visible after the acceleration zone; exact marker coordinates require the production review pass,only features visibly marked or repeatedly demonstrated in the cited event source; no inferred clip points are authorized,96,permanent|international,source-threshold-met,pending-independent-blind-review,Reconstruct factual topology from the competition run plus a separate OSM/venue context map; do not trace either source artwork.,Competition media: reference-only; OSM context: ODbL attribution required if geometry is derived.,medium,Codex research execution 2026-08-17,,research-complete,1.0.0
sa-jeddah-jeddah-corniche-event-site-red-bull-car-park-drift-2022,Red Bull Car Park Drift 2022 — Jeddah Corniche event site,Red Bull Car Park Drift World Final,Red Bull Car Park Drift,historic_independent_invitation,2022,World Final,Jeddah Corniche event site,Jeddah,Saudi Arabia,SA,Middle East and Africa,parking,world-final obstacle course,"start-to-finish sequence shown by the cited competition run; open judged course, so whole-lap CW/CCW is not applicable",event-specific judged segment shown in the cited competition source; not the venue full-lap map,marked/staged competition start visible in the cited run,end of the judged sequence visible in the cited run,first judged initiation visible after the acceleration zone; exact marker coordinates require the production review pass,only features visibly marked or repeatedly demonstrated in the cited event source; no inferred clip points are authorized,91,temporary|parking|world-final|invitational,source-threshold-met,pending-independent-blind-review,Reconstruct factual topology from the competition run plus a separate OSM/venue context map; do not trace either source artwork.,Competition media: reference-only; OSM context: ODbL attribution required if geometry is derived.,medium,Codex research execution 2026-08-17,,research-complete,1.0.0
za-port-shepstone-dezzi-raceway-supadrift-2016,SupaDrift 2016 — Dezzi Raceway,SupaDrift Rd.5,SupaDrift,mature_national,2016,Rd.5,Dezzi Raceway,Port Shepstone,South Africa,ZA,Middle East and Africa,permanent,event judged sector,"start-to-finish sequence shown by the cited competition run; open judged course, so whole-lap CW/CCW is not applicable",event-specific judged segment shown in the cited competition source; not the venue full-lap map,marked/staged competition start visible in the cited run,end of the judged sequence visible in the cited run,first judged initiation visible after the acceleration zone; exact marker coordinates require the production review pass,only features visibly marked or repeatedly demonstrated in the cited event source; no inferred clip points are authorized,73,permanent|national-series|two-source-route,source-threshold-met,pending-independent-blind-review,Reconstruct factual topology from the competition run plus a separate OSM/venue context map; do not trace either source artwork.,Competition media: reference-only; OSM context: ODbL attribution required if geometry is derived.,high,Codex research execution 2026-08-17,,research-complete,1.0.0
