source_id,track_id,evidence_role,tier,title,publisher,url,published_at,accessed_at,page_or_timecode,claim_supported,license,independence_group,notes
jp-maibara-okuibuki-motor-park-d1gp-2024-route-1,jp-maibara-okuibuki-motor-park-d1gp-2024,competition-course,S,D1GP RD.1&2 Okuibuki preview,D1 Official Website,https://d1gp.co.jp/15856/,,2026-08-17,named event/course section on page,"event identity, actual judged segment, start-to-finish order and direction as visible/described",reference-only; no redistribution,D1 Official Website,Do not use as a traceable drawing substrate.
jp-maibara-okuibuki-motor-park-d1gp-2024-identity,jp-maibara-okuibuki-motor-park-d1gp-2024,event-identity,S,D1GP Rd.1 Okuibuki detailed report,official organizer / sanctioning body,https://d1gp.co.jp/16222/,,2026-08-17,named event/round/venue section,"event name, year, round, venue and organized competition status",reference-only,official identity,
jp-maibara-okuibuki-motor-park-d1gp-2024-venue,jp-maibara-okuibuki-motor-park-d1gp-2024,venue-map-only,A,OpenStreetMap context search — Okuibuki Motor Park,OpenStreetMap contributors,https://www.openstreetmap.org/search?query=Okuibuki%20Motor%20Park%2C%20Maibara%2C%20Japan,,2026-08-17,map context only; resolve stable OSM object/relation before geometry extraction,venue/street context only; does not prove the drift competition course,ODbL; attribution required for derived geometry,OpenStreetMap,Explicitly prohibited as sole evidence of the actual competition route.
jp-shimotsuma-tsukuba-circuit-d1gp-2024-route-1,jp-shimotsuma-tsukuba-circuit-d1gp-2024,competition-course,S,D1GP 2024 Rd.3–4 Tsukuba official event video,VIDEO OPTION / D1 broadcast,https://www.youtube.com/watch?v=kB6VwFqN0N8,,2026-08-17,full programme or complete clip; repeated complete judged runs; exact frame timecode to be pinned during blind review,"event identity, actual judged segment, start-to-finish order and direction as visible/described",reference-only; no redistribution,VIDEO OPTION / D1 broadcast,Do not use as a traceable drawing substrate.
jp-shimotsuma-tsukuba-circuit-d1gp-2024-identity,jp-shimotsuma-tsukuba-circuit-d1gp-2024,event-identity,S,2024 D1GP official season archive,official organizer / sanctioning body,https://d1gp.co.jp/category/gp/2024-d1gp/,,2026-08-17,named event/round/venue section,"event name, year, round, venue and organized competition status",reference-only,official identity,
jp-shimotsuma-tsukuba-circuit-d1gp-2024-venue,jp-shimotsuma-tsukuba-circuit-d1gp-2024,venue-map-only,A,OpenStreetMap context search — Tsukuba Circuit,OpenStreetMap contributors,https://www.openstreetmap.org/search?query=Tsukuba%20Circuit%2C%20Shimotsuma%2C%20Japan,,2026-08-17,map context only; resolve stable OSM object/relation before geometry extraction,venue/street context only; does not prove the drift competition course,ODbL; attribution required for derived geometry,OpenStreetMap,Explicitly prohibited as sole evidence of the actual competition route.
jp-nihonmatsu-ebisu-circuit-west-course-d1gp-2024-route-1,jp-nihonmatsu-ebisu-circuit-west-course-d1gp-2024,competition-course,S,D1GP Rd.5 Ebisu detailed report,D1 Official Website,https://d1gp.co.jp/18500/,,2026-08-17,named event/course section on page,"event identity, actual judged segment, start-to-finish order and direction as visible/described",reference-only; no redistribution,D1 Official Website,Do not use as a traceable drawing substrate.
jp-nihonmatsu-ebisu-circuit-west-course-d1gp-2024-identity,jp-nihonmatsu-ebisu-circuit-west-course-d1gp-2024,event-identity,S,Official running-route notice,official organizer / sanctioning body,https://entry.d1gp.co.jp/download_files/information_EBISU_009%20%E8%B5%B0%E8%A1%8C%E7%B5%8C%E8%B7%AF%E5%9B%B3.pdf,,2026-08-17,named event/round/venue section,"event name, year, round, venue and organized competition status",reference-only,official identity,
jp-nihonmatsu-ebisu-circuit-west-course-d1gp-2024-venue,jp-nihonmatsu-ebisu-circuit-west-course-d1gp-2024,venue-map-only,A,OpenStreetMap context search — Ebisu Circuit West Course,OpenStreetMap contributors,https://www.openstreetmap.org/search?query=Ebisu%20Circuit%20West%20Course%2C%20Nihonmatsu%2C%20Japan,,2026-08-17,map context only; resolve stable OSM object/relation before geometry extraction,venue/street context only; does not prove the drift competition course,ODbL; attribution required for derived geometry,OpenStreetMap,Explicitly prohibited as sole evidence of the actual competition route.
jp-hita-autopolis-d1gp-2024-route-1,jp-hita-autopolis-d1gp-2024,competition-course,S,D1GP Rd.7 Autopolis detailed report,D1 Official Website,https://d1gp.co.jp/18869/,,2026-08-17,named event/course section on page,"event identity, actual judged segment, start-to-finish order and direction as visible/described",reference-only; no redistribution,D1 Official Website,Do not use as a traceable drawing substrate.
jp-hita-autopolis-d1gp-2024-venue,jp-hita-autopolis-d1gp-2024,venue-map-only,A,OpenStreetMap context search — Autopolis,OpenStreetMap contributors,https://www.openstreetmap.org/search?query=Autopolis%2C%20Hita%2C%20Japan,,2026-08-17,map context only; resolve stable OSM object/relation before geometry extraction,venue/street context only; does not prove the drift competition course,ODbL; attribution required for derived geometry,OpenStreetMap,Explicitly prohibited as sole evidence of the actual competition route.
jp-tokyo-odaiba-special-venue-d1gp-2024-route-1,jp-tokyo-odaiba-special-venue-d1gp-2024,competition-course,S,D1GP Rd.9&10 Odaiba preview,D1 Official Website,https://d1gp.co.jp/18872/,,2026-08-17,named event/course section on page,"event identity, actual judged segment, start-to-finish order and direction as visible/described",reference-only; no redistribution,D1 Official Website,Do not use as a traceable drawing substrate.
jp-tokyo-odaiba-special-venue-d1gp-2024-identity,jp-tokyo-odaiba-special-venue-d1gp-2024,event-identity,S,Official event outline and venue plan,official organizer / sanctioning body,https://entry.d1gp.co.jp/download_files/information_odaiba_001_%E9%96%8B%E5%82%AC%E6%A6%82%E8%A6%81.pdf,,2026-08-17,named event/round/venue section,"event name, year, round, venue and organized competition status",reference-only,official identity,
jp-tokyo-odaiba-special-venue-d1gp-2024-venue,jp-tokyo-odaiba-special-venue-d1gp-2024,venue-map-only,A,OpenStreetMap context search — Odaiba Special Venue,OpenStreetMap contributors,https://www.openstreetmap.org/search?query=Odaiba%20Special%20Venue%2C%20Tokyo%2C%20Japan,,2026-08-17,map context only; resolve stable OSM object/relation before geometry extraction,venue/street context only; does not prove the drift competition course,ODbL; attribution required for derived geometry,OpenStreetMap,Explicitly prohibited as sole evidence of the actual competition route.
jp-oyama-fuji-speedway-formula-drift-japan-2024-route-1,jp-oyama-fuji-speedway-formula-drift-japan-2024,competition-course,S,2024 FD Japan Rd.1 Fuji event page,Formula Drift Japan,https://formulad.jp/news/20240329/,,2026-08-17,named event/course section on page,"event identity, actual judged segment, start-to-finish order and direction as visible/described",reference-only; no redistribution,Formula Drift Japan,Do not use as a traceable drawing substrate.
jp-oyama-fuji-speedway-formula-drift-japan-2024-route-2,jp-oyama-fuji-speedway-formula-drift-japan-2024,competition-course corroboration,B,Formula Drift Japan 2024 Round 1 complete-run edit,ONE MORE TIME by GRINYA,https://www.youtube.com/watch?v=4svH3BfhBzg,,2026-08-17,00:00–34:35; multiple complete runs,independent corroboration of course sequence and/or event identity,reference-only; no redistribution,ONE MORE TIME by GRINYA,Required where the primary route source is B tier.
jp-oyama-fuji-speedway-formula-drift-japan-2024-identity,jp-oyama-fuji-speedway-formula-drift-japan-2024,event-identity,S,2024 FDJ standings by round,official organizer / sanctioning body,https://formulad.jp/2024-fdj-standings/,,2026-08-17,named event/round/venue section,"event name, year, round, venue and organized competition status",reference-only,official identity,
jp-oyama-fuji-speedway-formula-drift-japan-2024-venue,jp-oyama-fuji-speedway-formula-drift-japan-2024,venue-map-only,A,OpenStreetMap context search — Fuji Speedway,OpenStreetMap contributors,https://www.openstreetmap.org/search?query=Fuji%20Speedway%2C%20Oyama%2C%20Japan,,2026-08-17,map context only; resolve stable OSM object/relation before geometry extraction,venue/street context only; does not prove the drift competition course,ODbL; attribution required for derived geometry,OpenStreetMap,Explicitly prohibited as sole evidence of the actual competition route.
jp-suzuka-suzuka-twin-circuit-formula-drift-japan-2024-route-1,jp-suzuka-suzuka-twin-circuit-formula-drift-japan-2024,competition-course,S,FDJ Round 2 Suzuka Twin Top 16,Formula DRIFT,https://www.youtube.com/watch?v=ZJAE87jbIw8,,2026-08-17,full official Top 16 broadcast; repeated complete lead/chase runs,"event identity, actual judged segment, start-to-finish order and direction as visible/described",reference-only; no redistribution,Formula DRIFT,Do not use as a traceable drawing substrate.
jp-suzuka-suzuka-twin-circuit-formula-drift-japan-2024-identity,jp-suzuka-suzuka-twin-circuit-formula-drift-japan-2024,event-identity,S,2024 FDJ official standings,official organizer / sanctioning body,https://formulad.jp/2024-fdj-standings/,,2026-08-17,named event/round/venue section,"event name, year, round, venue and organized competition status",reference-only,official identity,
jp-suzuka-suzuka-twin-circuit-formula-drift-japan-2024-venue,jp-suzuka-suzuka-twin-circuit-formula-drift-japan-2024,venue-map-only,A,OpenStreetMap context search — Suzuka Twin Circuit,OpenStreetMap contributors,https://www.openstreetmap.org/search?query=Suzuka%20Twin%20Circuit%2C%20Suzuka%2C%20Japan,,2026-08-17,map context only; resolve stable OSM object/relation before geometry extraction,venue/street context only; does not prove the drift competition course,ODbL; attribution required for derived geometry,OpenStreetMap,Explicitly prohibited as sole evidence of the actual competition route.
jp-nihonmatsu-ebisu-circuit-west-course-formula-drift-japan-2024-route-1,jp-nihonmatsu-ebisu-circuit-west-course-formula-drift-japan-2024,competition-course,S,FDJ Round 3 Ebisu West Top 16,Formula DRIFT,https://www.youtube.com/watch?v=urFE8EmQOA4,,2026-08-17,full official Top 16 broadcast; repeated complete lead/chase runs,"event identity, actual judged segment, start-to-finish order and direction as visible/described",reference-only; no redistribution,Formula DRIFT,Do not use as a traceable drawing substrate.
jp-nihonmatsu-ebisu-circuit-west-course-formula-drift-japan-2024-venue,jp-nihonmatsu-ebisu-circuit-west-course-formula-drift-japan-2024,venue-map-only,A,OpenStreetMap context search — Ebisu Circuit West Course,OpenStreetMap contributors,https://www.openstreetmap.org/search?query=Ebisu%20Circuit%20West%20Course%2C%20Nihonmatsu%2C%20Japan,,2026-08-17,map context only; resolve stable OSM object/relation before geometry extraction,venue/street context only; does not prove the drift competition course,ODbL; attribution required for derived geometry,OpenStreetMap,Explicitly prohibited as sole evidence of the actual competition route.
jp-murata-sportsland-sugo-formula-drift-japan-2024-route-1,jp-murata-sportsland-sugo-formula-drift-japan-2024,competition-course,B,2024 Formula Drift Japan Round 4 complete-run edit,ONE MORE TIME by GRINYA,https://www.youtube.com/watch?v=tV4jMfo_Chg,,2026-08-17,full programme or complete clip; repeated complete judged runs; exact frame timecode to be pinned during blind review,"event identity, actual judged segment, start-to-finish order and direction as visible/described",reference-only; no redistribution,ONE MORE TIME by GRINYA,Do not use as a traceable drawing substrate.
jp-murata-sportsland-sugo-formula-drift-japan-2024-route-2,jp-murata-sportsland-sugo-formula-drift-japan-2024,competition-course corroboration,S,Official event announcement,Formula Drift Japan,https://formulad.jp/news/20240611/,,2026-08-17,event identity and venue; route sequence comes from the complete-run edit,independent corroboration of course sequence and/or event identity,reference-only; no redistribution,Formula Drift Japan,Required where the primary route source is B tier.
jp-murata-sportsland-sugo-formula-drift-japan-2024-venue,jp-murata-sportsland-sugo-formula-drift-japan-2024,venue-map-only,A,OpenStreetMap context search — Sportsland Sugo,OpenStreetMap contributors,https://www.openstreetmap.org/search?query=Sportsland%20Sugo%2C%20Murata%2C%20Japan,,2026-08-17,map context only; resolve stable OSM object/relation before geometry extraction,venue/street context only; does not prove the drift competition course,ODbL; attribution required for derived geometry,OpenStreetMap,Explicitly prohibited as sole evidence of the actual competition route.
jp-mimasaka-okayama-international-circuit-formula-drift-japan-2024-route-1,jp-mimasaka-okayama-international-circuit-formula-drift-japan-2024,competition-course,S,FDJ Round 6 Okayama Top 16,Formula DRIFT,https://www.youtube.com/watch?v=gtkmF5brcHY,,2026-08-17,full programme or complete clip; repeated complete judged runs; exact frame timecode to be pinned during blind review,"event identity, actual judged segment, start-to-finish order and direction as visible/described",reference-only; no redistribution,Formula DRIFT,Do not use as a traceable drawing substrate.
jp-mimasaka-okayama-international-circuit-formula-drift-japan-2024-identity,jp-mimasaka-okayama-international-circuit-formula-drift-japan-2024,event-identity,S,Official report and results,official organizer / sanctioning body,https://formulad.jp/news/20241015-01/,,2026-08-17,named event/round/venue section,"event name, year, round, venue and organized competition status",reference-only,official identity,
jp-mimasaka-okayama-international-circuit-formula-drift-japan-2024-venue,jp-mimasaka-okayama-international-circuit-formula-drift-japan-2024,venue-map-only,A,OpenStreetMap context search — Okayama International Circuit,OpenStreetMap contributors,https://www.openstreetmap.org/search?query=Okayama%20International%20Circuit%2C%20Mimasaka%2C%20Japan,,2026-08-17,map context only; resolve stable OSM object/relation before geometry extraction,venue/street context only; does not prove the drift competition course,ODbL; attribution required for derived geometry,OpenStreetMap,Explicitly prohibited as sole evidence of the actual competition route.
us-long-beach-grand-prix-of-long-beach-street-super-drift-challenge-2024-route-1,us-long-beach-grand-prix-of-long-beach-street-super-drift-challenge-2024,competition-course,S,Formula DRIFT Long Beach 2024 Top 16,Formula DRIFT,https://www.youtube.com/watch?v=HmbYdnQlCfg,,2026-08-17,full official competition broadcast; repeated complete runs,"event identity, actual judged segment, start-to-finish order and direction as visible/described",reference-only; no redistribution,Formula DRIFT,Do not use as a traceable drawing substrate.
us-long-beach-grand-prix-of-long-beach-street-super-drift-challenge-2024-venue,us-long-beach-grand-prix-of-long-beach-street-super-drift-challenge-2024,venue-map-only,A,OpenStreetMap context search — Grand Prix of Long Beach street circuit,OpenStreetMap contributors,https://www.openstreetmap.org/search?query=Grand%20Prix%20of%20Long%20Beach%20street%20circuit%2C%20Long%20Beach%2C%20United%20States,,2026-08-17,map context only; resolve stable OSM object/relation before geometry extraction,venue/street context only; does not prove the drift competition course,ODbL; attribution required for derived geometry,OpenStreetMap,Explicitly prohibited as sole evidence of the actual competition route.
us-braselton-michelin-raceway-road-atlanta-formula-drift-2026-route-1,us-braselton-michelin-raceway-road-atlanta-formula-drift-2026,competition-course,S,Formula Drift 2026 Atlanta official event track page,Formula DRIFT,https://www.formulad.com/schedule/2026/atlanta,,2026-08-17,Track section and official event map; completed event/results links on page,"event identity, actual judged segment, start-to-finish order and direction as visible/described",reference-only; no redistribution,Formula DRIFT,Do not use as a traceable drawing substrate.
us-braselton-michelin-raceway-road-atlanta-formula-drift-2026-route-2,us-braselton-michelin-raceway-road-atlanta-formula-drift-2026,competition-course corroboration,S,Formula DRIFT Atlanta 2026 Top 16 on-demand,Formula DRIFT,https://www.youtube.com/watch?v=JRJsgQc2oiQ,,2026-08-17,full official Top 16 broadcast; repeated complete lead/chase runs,independent corroboration of course sequence and/or event identity,reference-only; no redistribution,Formula DRIFT,Required where the primary route source is B tier.
us-braselton-michelin-raceway-road-atlanta-formula-drift-2026-venue,us-braselton-michelin-raceway-road-atlanta-formula-drift-2026,venue-map-only,A,OpenStreetMap context search — Michelin Raceway Road Atlanta,OpenStreetMap contributors,https://www.openstreetmap.org/search?query=Michelin%20Raceway%20Road%20Atlanta%2C%20Braselton%2C%20United%20States,,2026-08-17,map context only; resolve stable OSM object/relation before geometry extraction,venue/street context only; does not prove the drift competition course,ODbL; attribution required for derived geometry,OpenStreetMap,Explicitly prohibited as sole evidence of the actual competition route.
us-orlando-orlando-speed-world-formula-drift-2026-route-1,us-orlando-orlando-speed-world-formula-drift-2026,competition-course,S,Formula Drift 2026 Orlando official event track page,Formula DRIFT,https://www.formulad.com/schedule/2026/orlando,,2026-08-17,Track section and official event map; completed event/results links on page,"event identity, actual judged segment, start-to-finish order and direction as visible/described",reference-only; no redistribution,Formula DRIFT,Do not use as a traceable drawing substrate.
us-orlando-orlando-speed-world-formula-drift-2026-route-2,us-orlando-orlando-speed-world-formula-drift-2026,competition-course corroboration,S,Formula DRIFT Orlando 2026 Top 16 on-demand,Formula DRIFT,https://www.youtube.com/watch?v=8hwmXHT0VcU,,2026-08-17,full official Top 16 broadcast; repeated complete lead/chase runs,independent corroboration of course sequence and/or event identity,reference-only; no redistribution,Formula DRIFT,Required where the primary route source is B tier.
us-orlando-orlando-speed-world-formula-drift-2026-venue,us-orlando-orlando-speed-world-formula-drift-2026,venue-map-only,A,OpenStreetMap context search — Orlando Speed World,OpenStreetMap contributors,https://www.openstreetmap.org/search?query=Orlando%20Speed%20World%2C%20Orlando%2C%20United%20States,,2026-08-17,map context only; resolve stable OSM object/relation before geometry extraction,venue/street context only; does not prove the drift competition course,ODbL; attribution required for derived geometry,OpenStreetMap,Explicitly prohibited as sole evidence of the actual competition route.
us-stafford-springs-stafford-motor-speedway-formula-drift-2026-route-1,us-stafford-springs-stafford-motor-speedway-formula-drift-2026,competition-course,S,Formula Drift 2026 Stafford official event track page,Formula DRIFT,https://www.formulad.com/schedule/2026/stafford,,2026-08-17,"Track section, official event map, schedule and completed results","event identity, actual judged segment, start-to-finish order and direction as visible/described",reference-only; no redistribution,Formula DRIFT,Do not use as a traceable drawing substrate.
us-stafford-springs-stafford-motor-speedway-formula-drift-2026-route-2,us-stafford-springs-stafford-motor-speedway-formula-drift-2026,competition-course corroboration,S,Formula DRIFT Connecticut 2026 Top 16 on-demand,Formula DRIFT,https://www.youtube.com/watch?v=iOMF-EL7r5Y,,2026-08-17,full official Top 16 broadcast; repeated complete lead/chase runs,independent corroboration of course sequence and/or event identity,reference-only; no redistribution,Formula DRIFT,Required where the primary route source is B tier.
us-stafford-springs-stafford-motor-speedway-formula-drift-2026-venue,us-stafford-springs-stafford-motor-speedway-formula-drift-2026,venue-map-only,A,OpenStreetMap context search — Stafford Motor Speedway,OpenStreetMap contributors,https://www.openstreetmap.org/search?query=Stafford%20Motor%20Speedway%2C%20Stafford%20Springs%2C%20United%20States,,2026-08-17,map context only; resolve stable OSM object/relation before geometry extraction,venue/street context only; does not prove the drift competition course,ODbL; attribution required for derived geometry,OpenStreetMap,Explicitly prohibited as sole evidence of the actual competition route.
us-madison-world-wide-technology-raceway-formula-drift-2024-route-1,us-madison-world-wide-technology-raceway-formula-drift-2024,competition-course,S,Formula DRIFT St. Louis 2024 Top 16,Formula DRIFT,https://www.youtube.com/watch?v=3XKkM25zkeg,,2026-08-17,full programme or complete clip; repeated complete judged runs; exact frame timecode to be pinned during blind review,"event identity, actual judged segment, start-to-finish order and direction as visible/described",reference-only; no redistribution,Formula DRIFT,Do not use as a traceable drawing substrate.
us-madison-world-wide-technology-raceway-formula-drift-2024-venue,us-madison-world-wide-technology-raceway-formula-drift-2024,venue-map-only,A,OpenStreetMap context search — World Wide Technology Raceway,OpenStreetMap contributors,https://www.openstreetmap.org/search?query=World%20Wide%20Technology%20Raceway%2C%20Madison%2C%20United%20States,,2026-08-17,map context only; resolve stable OSM object/relation before geometry extraction,venue/street context only; does not prove the drift competition course,ODbL; attribution required for derived geometry,OpenStreetMap,Explicitly prohibited as sole evidence of the actual competition route.
us-monroe-evergreen-speedway-formula-drift-2024-route-1,us-monroe-evergreen-speedway-formula-drift-2024,competition-course,S,Formula DRIFT Seattle 2024 Highlights,Formula DRIFT,https://www.youtube.com/watch?v=1ka7q0xQqdk,,2026-08-17,00:00–13:41 official highlights; multiple full runs,"event identity, actual judged segment, start-to-finish order and direction as visible/described",reference-only; no redistribution,Formula DRIFT,Do not use as a traceable drawing substrate.
us-monroe-evergreen-speedway-formula-drift-2024-venue,us-monroe-evergreen-speedway-formula-drift-2024,venue-map-only,A,OpenStreetMap context search — Evergreen Speedway,OpenStreetMap contributors,https://www.openstreetmap.org/search?query=Evergreen%20Speedway%2C%20Monroe%2C%20United%20States,,2026-08-17,map context only; resolve stable OSM object/relation before geometry extraction,venue/street context only; does not prove the drift competition course,ODbL; attribution required for derived geometry,OpenStreetMap,Explicitly prohibited as sole evidence of the actual competition route.
us-las-vegas-las-vegas-motor-speedway-formula-drift-2012-route-1,us-las-vegas-las-vegas-motor-speedway-formula-drift-2012,competition-course,S,Formula DRIFT After Dark Las Vegas live,Formula DRIFT,https://www.youtube.com/watch?v=V5eOZ5nZfy8,,2026-08-17,full programme or complete clip; repeated complete judged runs; exact frame timecode to be pinned during blind review,"event identity, actual judged segment, start-to-finish order and direction as visible/described",reference-only; no redistribution,Formula DRIFT,Do not use as a traceable drawing substrate.
us-las-vegas-las-vegas-motor-speedway-formula-drift-2012-venue,us-las-vegas-las-vegas-motor-speedway-formula-drift-2012,venue-map-only,A,OpenStreetMap context search — Las Vegas Motor Speedway,OpenStreetMap contributors,https://www.openstreetmap.org/search?query=Las%20Vegas%20Motor%20Speedway%2C%20Las%20Vegas%2C%20United%20States,,2026-08-17,map context only; resolve stable OSM object/relation before geometry extraction,venue/street context only; does not prove the drift competition course,ODbL; attribution required for derived geometry,OpenStreetMap,Explicitly prohibited as sole evidence of the actual competition route.
us-irwindale-irwindale-speedway-formula-drift-2024-route-1,us-irwindale-irwindale-speedway-formula-drift-2024,competition-course,S,Formula DRIFT Irwindale 2024 Top 16,Formula DRIFT,https://www.youtube.com/watch?v=ccdYVvW3X-w,,2026-08-17,full programme or complete clip; repeated complete judged runs; exact frame timecode to be pinned during blind review,"event identity, actual judged segment, start-to-finish order and direction as visible/described",reference-only; no redistribution,Formula DRIFT,Do not use as a traceable drawing substrate.
us-irwindale-irwindale-speedway-formula-drift-2024-venue,us-irwindale-irwindale-speedway-formula-drift-2024,venue-map-only,A,OpenStreetMap context search — Irwindale Speedway,OpenStreetMap contributors,https://www.openstreetmap.org/search?query=Irwindale%20Speedway%2C%20Irwindale%2C%20United%20States,,2026-08-17,map context only; resolve stable OSM object/relation before geometry extraction,venue/street context only; does not prove the drift competition course,ODbL; attribution required for derived geometry,OpenStreetMap,Explicitly prohibited as sole evidence of the actual competition route.
ca-montmagny-autodrome-montmagny-dmcc-2024-route-1,ca-montmagny-autodrome-montmagny-dmcc-2024,competition-course,S,DMCC Round 4 Montmagny,DMCC Series,https://www.youtube.com/watch?v=AY7We6t4Viw,,2026-08-17,full programme or complete clip; repeated complete judged runs; exact frame timecode to be pinned during blind review,"event identity, actual judged segment, start-to-finish order and direction as visible/described",reference-only; no redistribution,DMCC Series,Do not use as a traceable drawing substrate.
ca-montmagny-autodrome-montmagny-dmcc-2024-venue,ca-montmagny-autodrome-montmagny-dmcc-2024,venue-map-only,A,OpenStreetMap context search — Autodrome Montmagny,OpenStreetMap contributors,https://www.openstreetmap.org/search?query=Autodrome%20Montmagny%2C%20Montmagny%2C%20Canada,,2026-08-17,map context only; resolve stable OSM object/relation before geometry extraction,venue/street context only; does not prove the drift competition course,ODbL; attribution required for derived geometry,OpenStreetMap,Explicitly prohibited as sole evidence of the actual competition route.
mx-queretaro-autodromo-de-queretaro-mexican-drift-championship-2024-route-1,mx-queretaro-autodromo-de-queretaro-mexican-drift-championship-2024,competition-course,B,Mexican Drift Championship 2024 Queretaro,RadicalShoott,https://www.youtube.com/watch?v=wNle69Xux0Q,,2026-08-17,full programme or complete clip; repeated complete judged runs; exact frame timecode to be pinned during blind review,"event identity, actual judged segment, start-to-finish order and direction as visible/described",reference-only; no redistribution,RadicalShoott,Do not use as a traceable drawing substrate.
mx-queretaro-autodromo-de-queretaro-mexican-drift-championship-2024-route-2,mx-queretaro-autodromo-de-queretaro-mexican-drift-championship-2024,competition-course corroboration,B,Mexican Drift Championship 2024 Round 3 Queretaro,Eduardo EG,https://www.youtube.com/watch?v=Pbp0usMM0no,,2026-08-17,00:00–08:28; independent event footage with complete runs,independent corroboration of course sequence and/or event identity,reference-only; no redistribution,Eduardo EG,Required where the primary route source is B tier.
mx-queretaro-autodromo-de-queretaro-mexican-drift-championship-2024-venue,mx-queretaro-autodromo-de-queretaro-mexican-drift-championship-2024,venue-map-only,A,OpenStreetMap context search — Autodromo de Queretaro,OpenStreetMap contributors,https://www.openstreetmap.org/search?query=Autodromo%20de%20Queretaro%2C%20Queretaro%2C%20Mexico,,2026-08-17,map context only; resolve stable OSM object/relation before geometry extraction,venue/street context only; does not prove the drift competition course,ODbL; attribution required for derived geometry,OpenStreetMap,Explicitly prohibited as sole evidence of the actual competition route.
it-rome-autodromo-vallelunga-piero-taruf-drift-masters-2026-route-1,it-rome-autodromo-vallelunga-piero-taruf-drift-masters-2026,competition-course,S,Drift Masters 2026 Italy qualifying/battle briefing,Drift Masters,https://dm.gp/media/hdqjd105/italy_rnd1_briefing_26.pdf,,2026-08-17,PDF pp.4–6 (track layout and initiation); p.18 (line/scoring guidance),"event identity, actual judged segment, start-to-finish order and direction as visible/described",reference-only; no redistribution,Drift Masters,Do not use as a traceable drawing substrate.
it-rome-autodromo-vallelunga-piero-taruf-drift-masters-2026-identity,it-rome-autodromo-vallelunga-piero-taruf-drift-masters-2026,event-identity,S,Official round page and results,official organizer / sanctioning body,https://dm.gp/seasons/drift-masters-2026/rounds/round-1/,,2026-08-17,named event/round/venue section,"event name, year, round, venue and organized competition status",reference-only,official identity,
it-rome-autodromo-vallelunga-piero-taruf-drift-masters-2026-venue,it-rome-autodromo-vallelunga-piero-taruf-drift-masters-2026,venue-map-only,A,OpenStreetMap context search — Autodromo Vallelunga Piero Taruffi,OpenStreetMap contributors,https://www.openstreetmap.org/search?query=Autodromo%20Vallelunga%20Piero%20Taruffi%2C%20Rome%2C%20Italy,,2026-08-17,map context only; resolve stable OSM object/relation before geometry extraction,venue/street context only; does not prove the drift competition course,ODbL; attribution required for derived geometry,OpenStreetMap,Explicitly prohibited as sole evidence of the actual competition route.
es-madrid-circuito-de-madrid-jarama-race-drift-masters-2026-route-1,es-madrid-circuito-de-madrid-jarama-race-drift-masters-2026,competition-course,S,Drift Masters 2026 Spain qualifying/battle briefing,Drift Masters,https://dm.gp/media/bjmpeaue/dm26-rd2-spain-qualifying-battle-briefing_page_260516_091859.pdf,,2026-08-17,PDF pp.5–7 (track layout and initiation); p.20 (line/scoring guidance),"event identity, actual judged segment, start-to-finish order and direction as visible/described",reference-only; no redistribution,Drift Masters,Do not use as a traceable drawing substrate.
es-madrid-circuito-de-madrid-jarama-race-drift-masters-2026-identity,es-madrid-circuito-de-madrid-jarama-race-drift-masters-2026,event-identity,S,Official round page and results,official organizer / sanctioning body,https://dm.gp/seasons/drift-masters-2026/rounds/round-2/,,2026-08-17,named event/round/venue section,"event name, year, round, venue and organized competition status",reference-only,official identity,
es-madrid-circuito-de-madrid-jarama-race-drift-masters-2026-venue,es-madrid-circuito-de-madrid-jarama-race-drift-masters-2026,venue-map-only,A,OpenStreetMap context search — Circuito de Madrid Jarama RACE,OpenStreetMap contributors,https://www.openstreetmap.org/search?query=Circuito%20de%20Madrid%20Jarama%20RACE%2C%20Madrid%2C%20Spain,,2026-08-17,map context only; resolve stable OSM object/relation before geometry extraction,venue/street context only; does not prove the drift competition course,ODbL; attribution required for derived geometry,OpenStreetMap,Explicitly prohibited as sole evidence of the actual competition route.
ie-kildare-mondello-park-drift-masters-2026-route-1,ie-kildare-mondello-park-drift-masters-2026,competition-course,S,Drift Masters 2026 Ireland qualifying/battle briefing,Drift Masters,https://dm.gp/media/xonftewg/dm26-rd3-briefing.pdf,,2026-08-17,PDF pp.6–8 (Track Layout and initiation); p.20 (line/scoring); p.26 (battle layout),"event identity, actual judged segment, start-to-finish order and direction as visible/described",reference-only; no redistribution,Drift Masters,Do not use as a traceable drawing substrate.
ie-kildare-mondello-park-drift-masters-2026-identity,ie-kildare-mondello-park-drift-masters-2026,event-identity,S,Official round page and results,official organizer / sanctioning body,https://dm.gp/seasons/drift-masters-2026/rounds/round-3/,,2026-08-17,named event/round/venue section,"event name, year, round, venue and organized competition status",reference-only,official identity,
ie-kildare-mondello-park-drift-masters-2026-venue,ie-kildare-mondello-park-drift-masters-2026,venue-map-only,A,OpenStreetMap context search — Mondello Park,OpenStreetMap contributors,https://www.openstreetmap.org/search?query=Mondello%20Park%2C%20Kildare%2C%20Ireland,,2026-08-17,map context only; resolve stable OSM object/relation before geometry extraction,venue/street context only; does not prove the drift competition course,ODbL; attribution required for derived geometry,OpenStreetMap,Explicitly prohibited as sole evidence of the actual competition route.
fi-hameenlinna-ahvenisto-race-circuit-drift-masters-2026-route-1,fi-hameenlinna-ahvenisto-race-circuit-drift-masters-2026,competition-course,S,Drift Masters 2026 Finland qualifying/battle briefing,Drift Masters,https://dm.gp/media/p43d0rgm/dm26-rd4-finland-qualifying-battle-briefing_www.pdf,,2026-08-17,PDF pp.4–6 (track layout and initiation); p.17 (line/scoring guidance),"event identity, actual judged segment, start-to-finish order and direction as visible/described",reference-only; no redistribution,Drift Masters,Do not use as a traceable drawing substrate.
fi-hameenlinna-ahvenisto-race-circuit-drift-masters-2026-identity,fi-hameenlinna-ahvenisto-race-circuit-drift-masters-2026,event-identity,S,Official round page and results,official organizer / sanctioning body,https://dm.gp/seasons/drift-masters-2026/rounds/round-4/,,2026-08-17,named event/round/venue section,"event name, year, round, venue and organized competition status",reference-only,official identity,
fi-hameenlinna-ahvenisto-race-circuit-drift-masters-2026-venue,fi-hameenlinna-ahvenisto-race-circuit-drift-masters-2026,venue-map-only,A,OpenStreetMap context search — Ahvenisto Race Circuit,OpenStreetMap contributors,https://www.openstreetmap.org/search?query=Ahvenisto%20Race%20Circuit%2C%20Hameenlinna%2C%20Finland,,2026-08-17,map context only; resolve stable OSM object/relation before geometry extraction,venue/street context only; does not prove the drift competition course,ODbL; attribution required for derived geometry,OpenStreetMap,Explicitly prohibited as sole evidence of the actual competition route.
lv-riga-bikernieki-circuit-drift-masters-2026-route-1,lv-riga-bikernieki-circuit-drift-masters-2026,competition-course,S,Drift Masters 2026 Latvia qualifying/battle briefing,Drift Masters,https://dm.gp/media/qwde50fz/dm26-rd5-latvia-briefing.pdf,,2026-08-17,PDF pp.5–7 (Track Layout and initiation); p.18 (line/scoring guidance),"event identity, actual judged segment, start-to-finish order and direction as visible/described",reference-only; no redistribution,Drift Masters,Do not use as a traceable drawing substrate.
lv-riga-bikernieki-circuit-drift-masters-2026-identity,lv-riga-bikernieki-circuit-drift-masters-2026,event-identity,S,Official round page and results,official organizer / sanctioning body,https://dm.gp/seasons/drift-masters-2026/rounds/round-5/,,2026-08-17,named event/round/venue section,"event name, year, round, venue and organized competition status",reference-only,official identity,
lv-riga-bikernieki-circuit-drift-masters-2026-venue,lv-riga-bikernieki-circuit-drift-masters-2026,venue-map-only,A,OpenStreetMap context search — Bikernieki Circuit,OpenStreetMap contributors,https://www.openstreetmap.org/search?query=Bikernieki%20Circuit%2C%20Riga%2C%20Latvia,,2026-08-17,map context only; resolve stable OSM object/relation before geometry extraction,venue/street context only; does not prove the drift competition course,ODbL; attribution required for derived geometry,OpenStreetMap,Explicitly prohibited as sole evidence of the actual competition route.
de-grafenhainichen-ferropolis-drift-masters-2026-route-1,de-grafenhainichen-ferropolis-drift-masters-2026,competition-course,S,Drift Masters 2026 Germany qualifying/battle briefing,Drift Masters,https://dm.gp/media/udkmmigg/dm26-rd6-germany-qualifying-battle-briefing_web.pdf,,2026-08-17,PDF pp.5–7 (Track Layout and initiation); p.19 (line/scoring); p.25 (battle layout),"event identity, actual judged segment, start-to-finish order and direction as visible/described",reference-only; no redistribution,Drift Masters,Do not use as a traceable drawing substrate.
de-grafenhainichen-ferropolis-drift-masters-2026-identity,de-grafenhainichen-ferropolis-drift-masters-2026,event-identity,S,Official round page and event schedule,official organizer / sanctioning body,https://dm.gp/seasons/drift-masters-2026/rounds/round-6/,,2026-08-17,named event/round/venue section,"event name, year, round, venue and organized competition status",reference-only,official identity,
de-grafenhainichen-ferropolis-drift-masters-2026-venue,de-grafenhainichen-ferropolis-drift-masters-2026,venue-map-only,A,OpenStreetMap context search — Ferropolis,OpenStreetMap contributors,https://www.openstreetmap.org/search?query=Ferropolis%2C%20Grafenhainichen%2C%20Germany,,2026-08-17,map context only; resolve stable OSM object/relation before geometry extraction,venue/street context only; does not prove the drift competition course,ODbL; attribution required for derived geometry,OpenStreetMap,Explicitly prohibited as sole evidence of the actual competition route.
gb-liverpool-liverpool-waterfront-temporary-c-red-bull-drift-shifters-2018-route-1,gb-liverpool-liverpool-waterfront-temporary-c-red-bull-drift-shifters-2018,competition-course,S,Red Bull Drift Shifters 2018 live,Red Bull Motorsports,https://www.youtube.com/watch?v=H5oE0tU-9Y8,,2026-08-17,full official live broadcast; repeated complete runs and obstacle order,"event identity, actual judged segment, start-to-finish order and direction as visible/described",reference-only; no redistribution,Red Bull Motorsports,Do not use as a traceable drawing substrate.
gb-liverpool-liverpool-waterfront-temporary-c-red-bull-drift-shifters-2018-venue,gb-liverpool-liverpool-waterfront-temporary-c-red-bull-drift-shifters-2018,venue-map-only,A,OpenStreetMap context search — Liverpool Waterfront temporary course,OpenStreetMap contributors,https://www.openstreetmap.org/search?query=Liverpool%20Waterfront%20temporary%20course%2C%20Liverpool%2C%20United%20Kingdom,,2026-08-17,map context only; resolve stable OSM object/relation before geometry extraction,venue/street context only; does not prove the drift competition course,ODbL; attribution required for derived geometry,OpenStreetMap,Explicitly prohibited as sole evidence of the actual competition route.
it-prato-prato-event-car-park-campionato-italiano-drifting-2026-route-1,it-prato-prato-event-car-park-campionato-italiano-drifting-2026,competition-course,S,CID 2026 Round 2 Prato,Campionato Italiano Drifting Drift Italy,https://www.youtube.com/watch?v=typk96v-TKQ,,2026-08-17,full programme or complete clip; repeated complete judged runs; exact frame timecode to be pinned during blind review,"event identity, actual judged segment, start-to-finish order and direction as visible/described",reference-only; no redistribution,Campionato Italiano Drifting Drift Italy,Do not use as a traceable drawing substrate.
it-prato-prato-event-car-park-campionato-italiano-drifting-2026-venue,it-prato-prato-event-car-park-campionato-italiano-drifting-2026,venue-map-only,A,OpenStreetMap context search — Prato event car park,OpenStreetMap contributors,https://www.openstreetmap.org/search?query=Prato%20event%20car%20park%2C%20Prato%2C%20Italy,,2026-08-17,map context only; resolve stable OSM object/relation before geometry extraction,venue/street context only; does not prove the drift competition course,ODbL; attribution required for derived geometry,OpenStreetMap,Explicitly prohibited as sole evidence of the actual competition route.
de-nurburg-nurburgring-mullenbachschleife-nurburgring-drift-cup-2026-route-1,de-nurburg-nurburgring-mullenbachschleife-nurburgring-drift-cup-2026,competition-course,S,Nurburgring Drift Cup 2026 Round 1,Skylimit Events,https://www.youtube.com/watch?v=_io1ytGJRGI,,2026-08-17,full programme or complete clip; repeated complete judged runs; exact frame timecode to be pinned during blind review,"event identity, actual judged segment, start-to-finish order and direction as visible/described",reference-only; no redistribution,Skylimit Events,Do not use as a traceable drawing substrate.
de-nurburg-nurburgring-mullenbachschleife-nurburgring-drift-cup-2026-venue,de-nurburg-nurburgring-mullenbachschleife-nurburgring-drift-cup-2026,venue-map-only,A,OpenStreetMap context search — Nurburgring Mullenbachschleife,OpenStreetMap contributors,https://www.openstreetmap.org/search?query=Nurburgring%20Mullenbachschleife%2C%20Nurburg%2C%20Germany,,2026-08-17,map context only; resolve stable OSM object/relation before geometry extraction,venue/street context only; does not prove the drift competition course,ODbL; attribution required for derived geometry,OpenStreetMap,Explicitly prohibited as sole evidence of the actual competition route.
fr-croix-en-ternois-circuit-de-croix-en-ternois-championnat-de-france-de-drift-2024-route-1,fr-croix-en-ternois-circuit-de-croix-en-ternois-championnat-de-france-de-drift-2024,competition-course,S,CFD FFSA Croix-en-Ternois 2024 Qualifying,Championnat de France de Drift FFSA,https://www.youtube.com/watch?v=zR80UvttYgU,,2026-08-17,full programme or complete clip; repeated complete judged runs; exact frame timecode to be pinned during blind review,"event identity, actual judged segment, start-to-finish order and direction as visible/described",reference-only; no redistribution,Championnat de France de Drift FFSA,Do not use as a traceable drawing substrate.
fr-croix-en-ternois-circuit-de-croix-en-ternois-championnat-de-france-de-drift-2024-venue,fr-croix-en-ternois-circuit-de-croix-en-ternois-championnat-de-france-de-drift-2024,venue-map-only,A,OpenStreetMap context search — Circuit de Croix-en-Ternois,OpenStreetMap contributors,https://www.openstreetmap.org/search?query=Circuit%20de%20Croix-en-Ternois%2C%20Croix-en-Ternois%2C%20France,,2026-08-17,map context only; resolve stable OSM object/relation before geometry extraction,venue/street context only; does not prove the drift competition course,ODbL; attribution required for derived geometry,OpenStreetMap,Explicitly prohibited as sole evidence of the actual competition route.
gr-serres-serres-racing-circuit-drift-kings-2024-route-1,gr-serres-serres-racing-circuit-drift-kings-2024,competition-course,A,Drift Kings 2024 Serres complete run,Drift Kings TV,https://www.youtube.com/watch?v=IHvx4yATnvk,,2026-08-17,00:00–01:05 complete judged run; event identity in title/channel,"event identity, actual judged segment, start-to-finish order and direction as visible/described",reference-only; no redistribution,Drift Kings TV,Do not use as a traceable drawing substrate.
gr-serres-serres-racing-circuit-drift-kings-2024-route-2,gr-serres-serres-racing-circuit-drift-kings-2024,competition-course corroboration,B,SoDrift / Drift Kings Serres event film,The Kangaroos Team,https://www.youtube.com/watch?v=hvRciuT_res,,2026-08-17,00:00–27:59; independent event coverage,independent corroboration of course sequence and/or event identity,reference-only; no redistribution,The Kangaroos Team,Required where the primary route source is B tier.
gr-serres-serres-racing-circuit-drift-kings-2024-venue,gr-serres-serres-racing-circuit-drift-kings-2024,venue-map-only,A,OpenStreetMap context search — Serres Racing Circuit,OpenStreetMap contributors,https://www.openstreetmap.org/search?query=Serres%20Racing%20Circuit%2C%20Serres%2C%20Greece,,2026-08-17,map context only; resolve stable OSM object/relation before geometry extraction,venue/street context only; does not prove the drift competition course,ODbL; attribution required for derived geometry,OpenStreetMap,Explicitly prohibited as sole evidence of the actual competition route.
no-rakkestad-rudskogen-motorsenter-gatebil-breisladden-2020-route-1,no-rakkestad-rudskogen-motorsenter-gatebil-breisladden-2020,competition-course,S,Breisladden Top 6 Rudskogen 2020,Gatebil,https://www.youtube.com/watch?v=c4T-x69APoQ,,2026-08-17,00:00–02:28; official organizer video showing complete judged runs,"event identity, actual judged segment, start-to-finish order and direction as visible/described",reference-only; no redistribution,Gatebil,Do not use as a traceable drawing substrate.
no-rakkestad-rudskogen-motorsenter-gatebil-breisladden-2020-venue,no-rakkestad-rudskogen-motorsenter-gatebil-breisladden-2020,venue-map-only,A,OpenStreetMap context search — Rudskogen Motorsenter,OpenStreetMap contributors,https://www.openstreetmap.org/search?query=Rudskogen%20Motorsenter%2C%20Rakkestad%2C%20Norway,,2026-08-17,map context only; resolve stable OSM object/relation before geometry extraction,venue/street context only; does not prove the drift competition course,ODbL; attribution required for derived geometry,OpenStreetMap,Explicitly prohibited as sole evidence of the actual competition route.
nz-taupo-taupo-international-motorsport-p-d1nz-2024-route-1,nz-taupo-taupo-international-motorsport-p-d1nz-2024,competition-course,A,D1NZ 2024 Taupo Round 1,Oversteer TV,https://www.youtube.com/watch?v=G0iG_wJ2KmE,,2026-08-17,full programme or complete clip; repeated complete judged runs; exact frame timecode to be pinned during blind review,"event identity, actual judged segment, start-to-finish order and direction as visible/described",reference-only; no redistribution,Oversteer TV,Do not use as a traceable drawing substrate.
nz-taupo-taupo-international-motorsport-p-d1nz-2024-venue,nz-taupo-taupo-international-motorsport-p-d1nz-2024,venue-map-only,A,OpenStreetMap context search — Taupo International Motorsport Park,OpenStreetMap contributors,https://www.openstreetmap.org/search?query=Taupo%20International%20Motorsport%20Park%2C%20Taupo%2C%20New%20Zealand,,2026-08-17,map context only; resolve stable OSM object/relation before geometry extraction,venue/street context only; does not prove the drift competition course,ODbL; attribution required for derived geometry,OpenStreetMap,Explicitly prohibited as sole evidence of the actual competition route.
nz-hampton-downs-hampton-downs-motorsport-park-d1nz-2024-route-1,nz-hampton-downs-hampton-downs-motorsport-park-d1nz-2024,competition-course,A,D1NZ 2024 Hampton Downs Round 2,Oversteer TV,https://www.youtube.com/watch?v=3M4l31g6r-s,,2026-08-17,full programme or complete clip; repeated complete judged runs; exact frame timecode to be pinned during blind review,"event identity, actual judged segment, start-to-finish order and direction as visible/described",reference-only; no redistribution,Oversteer TV,Do not use as a traceable drawing substrate.
nz-hampton-downs-hampton-downs-motorsport-park-d1nz-2024-venue,nz-hampton-downs-hampton-downs-motorsport-park-d1nz-2024,venue-map-only,A,OpenStreetMap context search — Hampton Downs Motorsport Park,OpenStreetMap contributors,https://www.openstreetmap.org/search?query=Hampton%20Downs%20Motorsport%20Park%2C%20Hampton%20Downs%2C%20New%20Zealand,,2026-08-17,map context only; resolve stable OSM object/relation before geometry extraction,venue/street context only; does not prove the drift competition course,ODbL; attribution required for derived geometry,OpenStreetMap,Explicitly prohibited as sole evidence of the actual competition route.
nz-feilding-manfeild-circuit-chris-amon-d1nz-2024-route-1,nz-feilding-manfeild-circuit-chris-amon-d1nz-2024,competition-course,A,D1NZ 2024 Manfeild Reverse,Oversteer TV,https://www.youtube.com/watch?v=PM1jaOsc8Sk,,2026-08-17,full programme or complete clip; repeated complete judged runs; exact frame timecode to be pinned during blind review,"event identity, actual judged segment, start-to-finish order and direction as visible/described",reference-only; no redistribution,Oversteer TV,Do not use as a traceable drawing substrate.
nz-feilding-manfeild-circuit-chris-amon-d1nz-2024-venue,nz-feilding-manfeild-circuit-chris-amon-d1nz-2024,venue-map-only,A,OpenStreetMap context search — Manfeild Circuit Chris Amon,OpenStreetMap contributors,https://www.openstreetmap.org/search?query=Manfeild%20Circuit%20Chris%20Amon%2C%20Feilding%2C%20New%20Zealand,,2026-08-17,map context only; resolve stable OSM object/relation before geometry extraction,venue/street context only; does not prove the drift competition course,ODbL; attribution required for derived geometry,OpenStreetMap,Explicitly prohibited as sole evidence of the actual competition route.
nz-tauranga-baypark-stadium-d1nz-2026-route-1,nz-tauranga-baypark-stadium-d1nz-2026,competition-course,S,D1NZ 2026 Baypark Grand Final,Oversteer TV and D1NZ,https://www.youtube.com/watch?v=SFK3ytKCQbM,,2026-08-17,full joint official broadcast; repeated complete runs,"event identity, actual judged segment, start-to-finish order and direction as visible/described",reference-only; no redistribution,Oversteer TV and D1NZ,Do not use as a traceable drawing substrate.
nz-tauranga-baypark-stadium-d1nz-2026-venue,nz-tauranga-baypark-stadium-d1nz-2026,venue-map-only,A,OpenStreetMap context search — Baypark Stadium,OpenStreetMap contributors,https://www.openstreetmap.org/search?query=Baypark%20Stadium%2C%20Tauranga%2C%20New%20Zealand,,2026-08-17,map context only; resolve stable OSM object/relation before geometry extraction,venue/street context only; does not prove the drift competition course,ODbL; attribution required for derived geometry,OpenStreetMap,Explicitly prohibited as sole evidence of the actual competition route.
au-willowbank-queensland-raceway-hi-tec-oils-drift-allstars-2024-route-1,au-willowbank-queensland-raceway-hi-tec-oils-drift-allstars-2024,competition-course,A,2024 Drift Allstars Queensland Raceway live,MotorsportsTV,https://www.youtube.com/watch?v=Piq2olLzKaU,,2026-08-17,full programme or complete clip; repeated complete judged runs; exact frame timecode to be pinned during blind review,"event identity, actual judged segment, start-to-finish order and direction as visible/described",reference-only; no redistribution,MotorsportsTV,Do not use as a traceable drawing substrate.
au-willowbank-queensland-raceway-hi-tec-oils-drift-allstars-2024-venue,au-willowbank-queensland-raceway-hi-tec-oils-drift-allstars-2024,venue-map-only,A,OpenStreetMap context search — Queensland Raceway,OpenStreetMap contributors,https://www.openstreetmap.org/search?query=Queensland%20Raceway%2C%20Willowbank%2C%20Australia,,2026-08-17,map context only; resolve stable OSM object/relation before geometry extraction,venue/street context only; does not prove the drift competition course,ODbL; attribution required for derived geometry,OpenStreetMap,Explicitly prohibited as sole evidence of the actual competition route.
sg-singapore-changi-exhibition-centre-formula-drift-asia-2012-route-1,sg-singapore-changi-exhibition-centre-formula-drift-asia-2012,competition-course,B,Formula Drift Singapore 2012 event coverage,Taufiq Salihin,https://www.youtube.com/watch?v=mLENyQXj-Bo,,2026-08-17,full programme or complete clip; repeated complete judged runs; exact frame timecode to be pinned during blind review,"event identity, actual judged segment, start-to-finish order and direction as visible/described",reference-only; no redistribution,Taufiq Salihin,Do not use as a traceable drawing substrate.
sg-singapore-changi-exhibition-centre-formula-drift-asia-2012-route-2,sg-singapore-changi-exhibition-centre-formula-drift-asia-2012,competition-course corroboration,B,Formula Drift Singapore 2012 partner film,X-mini Official Channel,https://www.youtube.com/watch?v=3Mxj8ih1fQQ,,2026-08-17,00:00–02:14; independent partner footage,independent corroboration of course sequence and/or event identity,reference-only; no redistribution,X-mini Official Channel,Required where the primary route source is B tier.
sg-singapore-changi-exhibition-centre-formula-drift-asia-2012-identity,sg-singapore-changi-exhibition-centre-formula-drift-asia-2012,event-identity,S,Official Formula Drift results,official organizer / sanctioning body,https://news.formulad.com/2012/events/results-daigo-saito-reigns-supreme-at-achilles-formula-drift-singapore-2012/,,2026-08-17,named event/round/venue section,"event name, year, round, venue and organized competition status",reference-only,official identity,
sg-singapore-changi-exhibition-centre-formula-drift-asia-2012-venue,sg-singapore-changi-exhibition-centre-formula-drift-asia-2012,venue-map-only,A,OpenStreetMap context search — Changi Exhibition Centre,OpenStreetMap contributors,https://www.openstreetmap.org/search?query=Changi%20Exhibition%20Centre%2C%20Singapore%2C%20Singapore,,2026-08-17,map context only; resolve stable OSM object/relation before geometry extraction,venue/street context only; does not prove the drift competition course,ODbL; attribution required for derived geometry,OpenStreetMap,Explicitly prohibited as sole evidence of the actual competition route.
my-kuala-lumpur-speed-city-kl-formula-drift-asia-2012-route-1,my-kuala-lumpur-speed-city-kl-formula-drift-asia-2012,competition-course,B,Formula Drift Malaysia 2012 Part 1,wesimplifymarketing,https://www.youtube.com/watch?v=Kfi4f_bOAqU,,2026-08-17,full programme or complete clip; repeated complete judged runs; exact frame timecode to be pinned during blind review,"event identity, actual judged segment, start-to-finish order and direction as visible/described",reference-only; no redistribution,wesimplifymarketing,Do not use as a traceable drawing substrate.
my-kuala-lumpur-speed-city-kl-formula-drift-asia-2012-route-2,my-kuala-lumpur-speed-city-kl-formula-drift-asia-2012,competition-course corroboration,B,Daigo Saito vs Max Orido final,JustLemons,https://www.youtube.com/watch?v=OQQIgqe2XPk,,2026-08-17,00:00–00:26 complete final run,independent corroboration of course sequence and/or event identity,reference-only; no redistribution,JustLemons,Required where the primary route source is B tier.
my-kuala-lumpur-speed-city-kl-formula-drift-asia-2012-identity,my-kuala-lumpur-speed-city-kl-formula-drift-asia-2012,event-identity,S,Formula Drift Malaysia 2012 at Speed City KL,official organizer / sanctioning body,https://vimeo.com/43661505,,2026-08-17,named event/round/venue section,"event name, year, round, venue and organized competition status",reference-only,official identity,
my-kuala-lumpur-speed-city-kl-formula-drift-asia-2012-venue,my-kuala-lumpur-speed-city-kl-formula-drift-asia-2012,venue-map-only,A,OpenStreetMap context search — Speed City KL,OpenStreetMap contributors,https://www.openstreetmap.org/search?query=Speed%20City%20KL%2C%20Kuala%20Lumpur%2C%20Malaysia,,2026-08-17,map context only; resolve stable OSM object/relation before geometry extraction,venue/street context only; does not prove the drift competition course,ODbL; attribution required for derived geometry,OpenStreetMap,Explicitly prohibited as sole evidence of the actual competition route.
th-bangkok-bangkok-temporary-drift-venue-formula-drift-asia-2012-route-1,th-bangkok-bangkok-temporary-drift-venue-formula-drift-asia-2012,competition-course,B,Formula Drift action from FD Thailand,Alan Viscardi,https://www.youtube.com/watch?v=5hY23ZyKQIc,,2026-08-17,full programme or complete clip; repeated complete judged runs; exact frame timecode to be pinned during blind review,"event identity, actual judged segment, start-to-finish order and direction as visible/described",reference-only; no redistribution,Alan Viscardi,Do not use as a traceable drawing substrate.
th-bangkok-bangkok-temporary-drift-venue-formula-drift-asia-2012-route-2,th-bangkok-bangkok-temporary-drift-venue-formula-drift-asia-2012,competition-course corroboration,B,Bangkok drift event footage,arturscab,https://www.youtube.com/watch?v=TmEOqfygetk,,2026-08-17,00:00–03:17; independent course footage,independent corroboration of course sequence and/or event identity,reference-only; no redistribution,arturscab,Required where the primary route source is B tier.
th-bangkok-bangkok-temporary-drift-venue-formula-drift-asia-2012-venue,th-bangkok-bangkok-temporary-drift-venue-formula-drift-asia-2012,venue-map-only,A,OpenStreetMap context search — Bangkok temporary drift venue,OpenStreetMap contributors,https://www.openstreetmap.org/search?query=Bangkok%20temporary%20drift%20venue%2C%20Bangkok%2C%20Thailand,,2026-08-17,map context only; resolve stable OSM object/relation before geometry extraction,venue/street context only; does not prove the drift competition course,ODbL; attribution required for derived geometry,OpenStreetMap,Explicitly prohibited as sole evidence of the actual competition route.
id-jakarta-jiexpo-kemayoran-formula-drift-asia-2011-route-1,id-jakarta-jiexpo-kemayoran-formula-drift-asia-2011,competition-course,B,Formula Drift Indonesia 2011 Top 32,Wei SV,https://www.youtube.com/watch?v=phYifo3zG58,,2026-08-17,full programme or complete clip; repeated complete judged runs; exact frame timecode to be pinned during blind review,"event identity, actual judged segment, start-to-finish order and direction as visible/described",reference-only; no redistribution,Wei SV,Do not use as a traceable drawing substrate.
id-jakarta-jiexpo-kemayoran-formula-drift-asia-2011-route-2,id-jakarta-jiexpo-kemayoran-formula-drift-asia-2011,competition-course corroboration,B,Formula Drift Indonesia 2011 highlights,JD Chua,https://www.youtube.com/watch?v=L7-bBHKTnEw,,2026-08-17,00:00–04:34; independent event footage,independent corroboration of course sequence and/or event identity,reference-only; no redistribution,JD Chua,Required where the primary route source is B tier.
id-jakarta-jiexpo-kemayoran-formula-drift-asia-2011-venue,id-jakarta-jiexpo-kemayoran-formula-drift-asia-2011,venue-map-only,A,OpenStreetMap context search — JIExpo Kemayoran,OpenStreetMap contributors,https://www.openstreetmap.org/search?query=JIExpo%20Kemayoran%2C%20Jakarta%2C%20Indonesia,,2026-08-17,map context only; resolve stable OSM object/relation before geometry extraction,venue/street context only; does not prove the drift competition course,ODbL; attribution required for derived geometry,OpenStreetMap,Explicitly prohibited as sole evidence of the actual competition route.
cn-beijing-beijing-d1-special-venue-d1-grand-prix-china-2016-route-1,cn-beijing-beijing-d1-special-venue-d1-grand-prix-china-2016,competition-course,A,D1GP China Beijing 2016 event footage,Tetsuya Hibino driver channel,https://www.youtube.com/watch?v=wLvxZJlic4w,,2026-08-17,full programme or complete clip; repeated complete judged runs; exact frame timecode to be pinned during blind review,"event identity, actual judged segment, start-to-finish order and direction as visible/described",reference-only; no redistribution,Tetsuya Hibino driver channel,Do not use as a traceable drawing substrate.
cn-beijing-beijing-d1-special-venue-d1-grand-prix-china-2016-route-2,cn-beijing-beijing-d1-special-venue-d1-grand-prix-china-2016,competition-course corroboration,S,Official D1GP 2016 China schedule,D1 Official Website,https://www.d1gp.co.jp/03_sche/gp2016/gp2016_index.html,,2026-08-17,China series schedule and Beijing venue identity,independent corroboration of course sequence and/or event identity,reference-only; no redistribution,D1 Official Website,Required where the primary route source is B tier.
cn-beijing-beijing-d1-special-venue-d1-grand-prix-china-2016-venue,cn-beijing-beijing-d1-special-venue-d1-grand-prix-china-2016,venue-map-only,A,OpenStreetMap context search — Beijing D1 Special Venue,OpenStreetMap contributors,https://www.openstreetmap.org/search?query=Beijing%20D1%20Special%20Venue%2C%20Beijing%2C%20China,,2026-08-17,map context only; resolve stable OSM object/relation before geometry extraction,venue/street context only; does not prove the drift competition course,ODbL; attribution required for derived geometry,OpenStreetMap,Explicitly prohibited as sole evidence of the actual competition route.
tw-taichung-lihpao-racing-park-tdgp2-2026-route-1,tw-taichung-lihpao-racing-park-tdgp2-2026,competition-course,A,2026 TDGP2 Round 1 Top 32 live,Funcity,https://www.youtube.com/watch?v=gg0e_LsPTS4,,2026-08-17,full event livestream; repeated complete runs,"event identity, actual judged segment, start-to-finish order and direction as visible/described",reference-only; no redistribution,Funcity,Do not use as a traceable drawing substrate.
tw-taichung-lihpao-racing-park-tdgp2-2026-venue,tw-taichung-lihpao-racing-park-tdgp2-2026,venue-map-only,A,OpenStreetMap context search — Lihpao Racing Park,OpenStreetMap contributors,https://www.openstreetmap.org/search?query=Lihpao%20Racing%20Park%2C%20Taichung%2C%20Taiwan,,2026-08-17,map context only; resolve stable OSM object/relation before geometry extraction,venue/street context only; does not prove the drift competition course,ODbL; attribution required for derived geometry,OpenStreetMap,Explicitly prohibited as sole evidence of the actual competition route.
br-londrina-autodromo-internacional-ayrton-s-ultimate-drift-2023-route-1,br-londrina-autodromo-internacional-ayrton-s-ultimate-drift-2023,competition-course,S,Ultimate Drift Londrina 2023 official battles,Ultimate Drift,https://www.youtube.com/watch?v=6WzEEN6vY4Y,,2026-08-17,full programme or complete clip; repeated complete judged runs; exact frame timecode to be pinned during blind review,"event identity, actual judged segment, start-to-finish order and direction as visible/described",reference-only; no redistribution,Ultimate Drift,Do not use as a traceable drawing substrate.
br-londrina-autodromo-internacional-ayrton-s-ultimate-drift-2023-identity,br-londrina-autodromo-internacional-ayrton-s-ultimate-drift-2023,event-identity,S,Brazilian ASN championship recognition,official organizer / sanctioning body,https://www.cba.org.br/noticias/noticiasinfo/2699/trofeu-cba-campeoes-e-vice-campeoes-de-drift,,2026-08-17,named event/round/venue section,"event name, year, round, venue and organized competition status",reference-only,official identity,
br-londrina-autodromo-internacional-ayrton-s-ultimate-drift-2023-venue,br-londrina-autodromo-internacional-ayrton-s-ultimate-drift-2023,venue-map-only,A,OpenStreetMap context search — Autodromo Internacional Ayrton Senna,OpenStreetMap contributors,https://www.openstreetmap.org/search?query=Autodromo%20Internacional%20Ayrton%20Senna%2C%20Londrina%2C%20Brazil,,2026-08-17,map context only; resolve stable OSM object/relation before geometry extraction,venue/street context only; does not prove the drift competition course,ODbL; attribution required for derived geometry,OpenStreetMap,Explicitly prohibited as sole evidence of the actual competition route.
ar-buenos-aires-autodromo-juan-y-oscar-galvez-drift-sudamerica-2017-route-1,ar-buenos-aires-autodromo-juan-y-oscar-galvez-drift-sudamerica-2017,competition-course,B,Formula Drift Sudamerica Buenos Aires 2017,Marcelo Sosa,https://www.youtube.com/watch?v=UVeogwoeC58,,2026-08-17,full programme or complete clip; repeated complete judged runs; exact frame timecode to be pinned during blind review,"event identity, actual judged segment, start-to-finish order and direction as visible/described",reference-only; no redistribution,Marcelo Sosa,Do not use as a traceable drawing substrate.
ar-buenos-aires-autodromo-juan-y-oscar-galvez-drift-sudamerica-2017-route-2,ar-buenos-aires-autodromo-juan-y-oscar-galvez-drift-sudamerica-2017,competition-course corroboration,B,Drift Sudamerica at Galvez event footage,Track Day Argentina,https://www.youtube.com/watch?v=t5nUHysJxrc,,2026-08-17,00:00–11:00 independent event coverage,independent corroboration of course sequence and/or event identity,reference-only; no redistribution,Track Day Argentina,Required where the primary route source is B tier.
ar-buenos-aires-autodromo-juan-y-oscar-galvez-drift-sudamerica-2017-venue,ar-buenos-aires-autodromo-juan-y-oscar-galvez-drift-sudamerica-2017,venue-map-only,A,OpenStreetMap context search — Autodromo Juan y Oscar Galvez,OpenStreetMap contributors,https://www.openstreetmap.org/search?query=Autodromo%20Juan%20y%20Oscar%20Galvez%2C%20Buenos%20Aires%2C%20Argentina,,2026-08-17,map context only; resolve stable OSM object/relation before geometry extraction,venue/street context only; does not prove the drift competition course,ODbL; attribution required for derived geometry,OpenStreetMap,Explicitly prohibited as sole evidence of the actual competition route.
cl-san-antonio-autodromo-san-antonio-campeonato-nacional-de-drift-chi-2023-route-1,cl-san-antonio-autodromo-san-antonio-campeonato-nacional-de-drift-chi-2023,competition-course,B,Campeonato Nacional Drift Chile Stage 2,Somos PRMTV,https://www.youtube.com/watch?v=Sg3ZuKP9BlQ,,2026-08-17,full programme or complete clip; repeated complete judged runs; exact frame timecode to be pinned during blind review,"event identity, actual judged segment, start-to-finish order and direction as visible/described",reference-only; no redistribution,Somos PRMTV,Do not use as a traceable drawing substrate.
cl-san-antonio-autodromo-san-antonio-campeonato-nacional-de-drift-chi-2023-route-2,cl-san-antonio-autodromo-san-antonio-campeonato-nacional-de-drift-chi-2023,competition-course corroboration,B,Stage 2 competition coverage,Reaxion Racing,https://www.youtube.com/watch?v=oq9sbECPs28,,2026-08-17,00:00–09:55 independent team coverage,independent corroboration of course sequence and/or event identity,reference-only; no redistribution,Reaxion Racing,Required where the primary route source is B tier.
cl-san-antonio-autodromo-san-antonio-campeonato-nacional-de-drift-chi-2023-identity,cl-san-antonio-autodromo-san-antonio-campeonato-nacional-de-drift-chi-2023,event-identity,S,Venue event page,official organizer / sanctioning body,https://asasanantonio.cl/actividades/campeonato-nacional-de-drift-chileno/,,2026-08-17,named event/round/venue section,"event name, year, round, venue and organized competition status",reference-only,official identity,
cl-san-antonio-autodromo-san-antonio-campeonato-nacional-de-drift-chi-2023-venue,cl-san-antonio-autodromo-san-antonio-campeonato-nacional-de-drift-chi-2023,venue-map-only,A,OpenStreetMap context search — Autodromo San Antonio,OpenStreetMap contributors,https://www.openstreetmap.org/search?query=Autodromo%20San%20Antonio%2C%20San%20Antonio%2C%20Chile,,2026-08-17,map context only; resolve stable OSM object/relation before geometry extraction,venue/street context only; does not prove the drift competition course,ODbL; attribution required for derived geometry,OpenStreetMap,Explicitly prohibited as sole evidence of the actual competition route.
cr-alajuela-parque-viva-circuito-starcars-campeonato-nacional-de-drift-cos-2018-route-1,cr-alajuela-parque-viva-circuito-starcars-campeonato-nacional-de-drift-cos-2018,competition-course,A,VivaDrift 2018 Round 2 recap,Adrift Drifting Costa Rica,https://www.youtube.com/watch?v=9OCchkI0cBc,,2026-08-17,full programme or complete clip; repeated complete judged runs; exact frame timecode to be pinned during blind review,"event identity, actual judged segment, start-to-finish order and direction as visible/described",reference-only; no redistribution,Adrift Drifting Costa Rica,Do not use as a traceable drawing substrate.
cr-alajuela-parque-viva-circuito-starcars-campeonato-nacional-de-drift-cos-2018-route-2,cr-alajuela-parque-viva-circuito-starcars-campeonato-nacional-de-drift-cos-2018,competition-course corroboration,B,Second-round GoPro course footage,mundomotorizado,https://www.youtube.com/watch?v=mMeerXBoM5E,,2026-08-17,00:00–01:57 continuous onboard course view,independent corroboration of course sequence and/or event identity,reference-only; no redistribution,mundomotorizado,Required where the primary route source is B tier.
cr-alajuela-parque-viva-circuito-starcars-campeonato-nacional-de-drift-cos-2018-venue,cr-alajuela-parque-viva-circuito-starcars-campeonato-nacional-de-drift-cos-2018,venue-map-only,A,OpenStreetMap context search — Parque Viva Circuito StarCars,OpenStreetMap contributors,https://www.openstreetmap.org/search?query=Parque%20Viva%20Circuito%20StarCars%2C%20Alajuela%2C%20Costa%20Rica,,2026-08-17,map context only; resolve stable OSM object/relation before geometry extraction,venue/street context only; does not prove the drift competition course,ODbL; attribution required for derived geometry,OpenStreetMap,Explicitly prohibited as sole evidence of the actual competition route.
om-muscat-muscat-drift-arena-oman-international-drift-champio-2024-route-1,om-muscat-muscat-drift-arena-oman-international-drift-champio-2024,competition-course,S,OIDC 2024 Round 1,Oman Automobile Association (OFFICIAL),https://www.youtube.com/watch?v=mSwUHvIhA3s,,2026-08-17,full programme or complete clip; repeated complete judged runs; exact frame timecode to be pinned during blind review,"event identity, actual judged segment, start-to-finish order and direction as visible/described",reference-only; no redistribution,Oman Automobile Association (OFFICIAL),Do not use as a traceable drawing substrate.
om-muscat-muscat-drift-arena-oman-international-drift-champio-2024-venue,om-muscat-muscat-drift-arena-oman-international-drift-champio-2024,venue-map-only,A,OpenStreetMap context search — Muscat Drift Arena,OpenStreetMap contributors,https://www.openstreetmap.org/search?query=Muscat%20Drift%20Arena%2C%20Muscat%2C%20Oman,,2026-08-17,map context only; resolve stable OSM object/relation before geometry extraction,venue/street context only; does not prove the drift competition course,ODbL; attribution required for derived geometry,OpenStreetMap,Explicitly prohibited as sole evidence of the actual competition route.
sa-jeddah-jeddah-corniche-event-site-red-bull-car-park-drift-2022-route-1,sa-jeddah-jeddah-corniche-event-site-red-bull-car-park-drift-2022,competition-course,S,Red Bull Car Park Drift World Final Saudi Arabia,Red Bull Motorsports,https://www.youtube.com/watch?v=R-X8nmb3IAE,,2026-08-17,full programme or complete clip; repeated complete judged runs; exact frame timecode to be pinned during blind review,"event identity, actual judged segment, start-to-finish order and direction as visible/described",reference-only; no redistribution,Red Bull Motorsports,Do not use as a traceable drawing substrate.
sa-jeddah-jeddah-corniche-event-site-red-bull-car-park-drift-2022-venue,sa-jeddah-jeddah-corniche-event-site-red-bull-car-park-drift-2022,venue-map-only,A,OpenStreetMap context search — Jeddah Corniche event site,OpenStreetMap contributors,https://www.openstreetmap.org/search?query=Jeddah%20Corniche%20event%20site%2C%20Jeddah%2C%20Saudi%20Arabia,,2026-08-17,map context only; resolve stable OSM object/relation before geometry extraction,venue/street context only; does not prove the drift competition course,ODbL; attribution required for derived geometry,OpenStreetMap,Explicitly prohibited as sole evidence of the actual competition route.
za-port-shepstone-dezzi-raceway-supadrift-2016-route-1,za-port-shepstone-dezzi-raceway-supadrift-2016,competition-course,B,SupaDrift Round 5 Dezzi event film,Colin Snell,https://www.youtube.com/watch?v=BZZv7e1ri0A,,2026-08-17,full programme or complete clip; repeated complete judged runs; exact frame timecode to be pinned during blind review,"event identity, actual judged segment, start-to-finish order and direction as visible/described",reference-only; no redistribution,Colin Snell,Do not use as a traceable drawing substrate.
za-port-shepstone-dezzi-raceway-supadrift-2016-route-2,za-port-shepstone-dezzi-raceway-supadrift-2016,competition-course corroboration,B,SupaDrift Dezzi complete-run clips,Bradley King,https://www.youtube.com/watch?v=vp2SxssPopo,,2026-08-17,00:00–00:34 complete run; supported by multiple same-day clips,independent corroboration of course sequence and/or event identity,reference-only; no redistribution,Bradley King,Required where the primary route source is B tier.
za-port-shepstone-dezzi-raceway-supadrift-2016-venue,za-port-shepstone-dezzi-raceway-supadrift-2016,venue-map-only,A,OpenStreetMap context search — Dezzi Raceway,OpenStreetMap contributors,https://www.openstreetmap.org/search?query=Dezzi%20Raceway%2C%20Port%20Shepstone%2C%20South%20Africa,,2026-08-17,map context only; resolve stable OSM object/relation before geometry extraction,venue/street context only; does not prove the drift competition course,ODbL; attribution required for derived geometry,OpenStreetMap,Explicitly prohibited as sole evidence of the actual competition route.
jp-maibara-okuibuki-motor-park-formula-drift-japan-2024-route-1,jp-maibara-okuibuki-motor-park-formula-drift-japan-2024,competition-course,S,FDJ 2024 Okuibuki Top 16,Formula DRIFT,https://www.youtube.com/watch?v=jYIMgC_L4ZE,,2026-08-17,full programme or complete clip; repeated complete judged runs; exact frame timecode to be pinned during blind review,"event identity, actual judged segment, start-to-finish order and direction as visible/described",reference-only; no redistribution,Formula DRIFT,Do not use as a traceable drawing substrate.
jp-maibara-okuibuki-motor-park-formula-drift-japan-2024-venue,jp-maibara-okuibuki-motor-park-formula-drift-japan-2024,venue-map-only,A,OpenStreetMap context search — Okuibuki Motor Park,OpenStreetMap contributors,https://www.openstreetmap.org/search?query=Okuibuki%20Motor%20Park%2C%20Maibara%2C%20Japan,,2026-08-17,map context only; resolve stable OSM object/relation before geometry extraction,venue/street context only; does not prove the drift competition course,ODbL; attribution required for derived geometry,OpenStreetMap,Explicitly prohibited as sole evidence of the actual competition route.
us-grantsville-utah-motorsports-campus-formula-drift-2025-route-1,us-grantsville-utah-motorsports-campus-formula-drift-2025,competition-course,S,Formula DRIFT Utah 2025 Top 16,Formula DRIFT,https://www.youtube.com/watch?v=MElLPKw8o0s,,2026-08-17,full programme or complete clip; repeated complete judged runs; exact frame timecode to be pinned during blind review,"event identity, actual judged segment, start-to-finish order and direction as visible/described",reference-only; no redistribution,Formula DRIFT,Do not use as a traceable drawing substrate.
us-grantsville-utah-motorsports-campus-formula-drift-2025-venue,us-grantsville-utah-motorsports-campus-formula-drift-2025,venue-map-only,A,OpenStreetMap context search — Utah Motorsports Campus,OpenStreetMap contributors,https://www.openstreetmap.org/search?query=Utah%20Motorsports%20Campus%2C%20Grantsville%2C%20United%20States,,2026-08-17,map context only; resolve stable OSM object/relation before geometry extraction,venue/street context only; does not prove the drift competition course,ODbL; attribution required for derived geometry,OpenStreetMap,Explicitly prohibited as sole evidence of the actual competition route.
de-grafenhainichen-ferropolis-drift-masters-2023-route-1,de-grafenhainichen-ferropolis-drift-masters-2023,competition-course,S,DMEC Germany 2023 Qualifying,Drift Masters,https://www.youtube.com/watch?v=DCLN-cSb58A,,2026-08-17,full programme or complete clip; repeated complete judged runs; exact frame timecode to be pinned during blind review,"event identity, actual judged segment, start-to-finish order and direction as visible/described",reference-only; no redistribution,Drift Masters,Do not use as a traceable drawing substrate.
de-grafenhainichen-ferropolis-drift-masters-2023-venue,de-grafenhainichen-ferropolis-drift-masters-2023,venue-map-only,A,OpenStreetMap context search — Ferropolis,OpenStreetMap contributors,https://www.openstreetmap.org/search?query=Ferropolis%2C%20Grafenhainichen%2C%20Germany,,2026-08-17,map context only; resolve stable OSM object/relation before geometry extraction,venue/street context only; does not prove the drift competition course,ODbL; attribution required for derived geometry,OpenStreetMap,Explicitly prohibited as sole evidence of the actual competition route.
eg-cairo-cairo-festival-city-event-site-red-bull-car-park-drift-2021-route-1,eg-cairo-cairo-festival-city-event-site-red-bull-car-park-drift-2021,competition-course,B,Red Bull Car Park Drift Egypt 2021 event film,M. Hesham,https://www.youtube.com/watch?v=x123bNOoL1c,,2026-08-17,full programme or complete clip; repeated complete judged runs; exact frame timecode to be pinned during blind review,"event identity, actual judged segment, start-to-finish order and direction as visible/described",reference-only; no redistribution,M. Hesham,Do not use as a traceable drawing substrate.
eg-cairo-cairo-festival-city-event-site-red-bull-car-park-drift-2021-route-2,eg-cairo-cairo-festival-city-event-site-red-bull-car-park-drift-2021,competition-course corroboration,B,Red Bull Car Park Drift Egypt 2021 finals footage,TFT Industrial,https://www.youtube.com/watch?v=iqcjjSRRoig,,2026-08-17,00:00–02:38 independent event footage,independent corroboration of course sequence and/or event identity,reference-only; no redistribution,TFT Industrial,Required where the primary route source is B tier.
eg-cairo-cairo-festival-city-event-site-red-bull-car-park-drift-2021-identity,eg-cairo-cairo-festival-city-event-site-red-bull-car-park-drift-2021,event-identity,S,Official Red Bull page naming Cairo 2021 World Championship,official organizer / sanctioning body,https://www.redbull.com/mea-en/emirati-drifter-mohammed-al-mansoori-wins-red-bull-car-park-drift-uae-2021,,2026-08-17,named event/round/venue section,"event name, year, round, venue and organized competition status",reference-only,official identity,
eg-cairo-cairo-festival-city-event-site-red-bull-car-park-drift-2021-venue,eg-cairo-cairo-festival-city-event-site-red-bull-car-park-drift-2021,venue-map-only,A,OpenStreetMap context search — Cairo Festival City event site,OpenStreetMap contributors,https://www.openstreetmap.org/search?query=Cairo%20Festival%20City%20event%20site%2C%20Cairo%2C%20Egypt,,2026-08-17,map context only; resolve stable OSM object/relation before geometry extraction,venue/street context only; does not prove the drift competition course,ODbL; attribution required for derived geometry,OpenStreetMap,Explicitly prohibited as sole evidence of the actual competition route.
gb-middlesbrough-teesside-autodrome-drift-league-gb-2026-route-1,gb-middlesbrough-teesside-autodrome-drift-league-gb-2026,competition-course,S,Drift League GB 2026 Teesside Pro Class,Drift League GB,https://www.youtube.com/watch?v=r5RoasjlM84,,2026-08-17,full programme or complete clip; repeated complete judged runs; exact frame timecode to be pinned during blind review,"event identity, actual judged segment, start-to-finish order and direction as visible/described",reference-only; no redistribution,Drift League GB,Do not use as a traceable drawing substrate.
gb-middlesbrough-teesside-autodrome-drift-league-gb-2026-venue,gb-middlesbrough-teesside-autodrome-drift-league-gb-2026,venue-map-only,A,OpenStreetMap context search — Teesside Autodrome,OpenStreetMap contributors,https://www.openstreetmap.org/search?query=Teesside%20Autodrome%2C%20Middlesbrough%2C%20United%20Kingdom,,2026-08-17,map context only; resolve stable OSM object/relation before geometry extraction,venue/street context only; does not prove the drift competition course,ODbL; attribution required for derived geometry,OpenStreetMap,Explicitly prohibited as sole evidence of the actual competition route.
us-jupiter-palm-beach-international-raceway-formula-drift-2013-route-1,us-jupiter-palm-beach-international-raceway-formula-drift-2013,competition-course,S,Formula DRIFT Palm Beach 2013 Top 16,Formula DRIFT,https://www.youtube.com/watch?v=c63nGie-QGU,,2026-08-17,full programme or complete clip; repeated complete judged runs; exact frame timecode to be pinned during blind review,"event identity, actual judged segment, start-to-finish order and direction as visible/described",reference-only; no redistribution,Formula DRIFT,Do not use as a traceable drawing substrate.
us-jupiter-palm-beach-international-raceway-formula-drift-2013-venue,us-jupiter-palm-beach-international-raceway-formula-drift-2013,venue-map-only,A,OpenStreetMap context search — Palm Beach International Raceway,OpenStreetMap contributors,https://www.openstreetmap.org/search?query=Palm%20Beach%20International%20Raceway%2C%20Jupiter%2C%20United%20States,,2026-08-17,map context only; resolve stable OSM object/relation before geometry extraction,venue/street context only; does not prove the drift competition course,ODbL; attribution required for derived geometry,OpenStreetMap,Explicitly prohibited as sole evidence of the actual competition route.
se-fallfors-drivecenter-arena-drift-masters-2023-route-1,se-fallfors-drivecenter-arena-drift-masters-2023,competition-course,S,DMEC Sweden 2023 Qualifying,Drift Masters,https://www.youtube.com/watch?v=XuDRIkL25us,,2026-08-17,full programme or complete clip; repeated complete judged runs; exact frame timecode to be pinned during blind review,"event identity, actual judged segment, start-to-finish order and direction as visible/described",reference-only; no redistribution,Drift Masters,Do not use as a traceable drawing substrate.
se-fallfors-drivecenter-arena-drift-masters-2023-venue,se-fallfors-drivecenter-arena-drift-masters-2023,venue-map-only,A,OpenStreetMap context search — Drivecenter Arena,OpenStreetMap contributors,https://www.openstreetmap.org/search?query=Drivecenter%20Arena%2C%20F%C3%A4llfors%2C%20Sweden,,2026-08-17,map context only; resolve stable OSM object/relation before geometry extraction,venue/street context only; does not prove the drift competition course,ODbL; attribution required for derived geometry,OpenStreetMap,Explicitly prohibited as sole evidence of the actual competition route.
br-piracicaba-ecpa-ultimate-drift-2023-route-1,br-piracicaba-ecpa-ultimate-drift-2023,competition-course,S,Ultimate Drift Piracicaba 2023 official battles,Ultimate Drift,https://www.youtube.com/watch?v=V79UtmFTTwQ,,2026-08-17,full programme or complete clip; repeated complete judged runs; exact frame timecode to be pinned during blind review,"event identity, actual judged segment, start-to-finish order and direction as visible/described",reference-only; no redistribution,Ultimate Drift,Do not use as a traceable drawing substrate.
br-piracicaba-ecpa-ultimate-drift-2023-venue,br-piracicaba-ecpa-ultimate-drift-2023,venue-map-only,A,OpenStreetMap context search — ECPA,OpenStreetMap contributors,https://www.openstreetmap.org/search?query=ECPA%2C%20Piracicaba%2C%20Brazil,,2026-08-17,map context only; resolve stable OSM object/relation before geometry extraction,venue/street context only; does not prove the drift competition course,ODbL; attribution required for derived geometry,OpenStreetMap,Explicitly prohibited as sole evidence of the actual competition route.
ca-mirabel-icar-route-66-dmcc-2024-route-1,ca-mirabel-icar-route-66-dmcc-2024,competition-course,A,DMCC Finale ICAR Mirabel,ICAR Route 66,https://www.youtube.com/watch?v=Xk0N9eoW5ls,,2026-08-17,full programme or complete clip; repeated complete judged runs; exact frame timecode to be pinned during blind review,"event identity, actual judged segment, start-to-finish order and direction as visible/described",reference-only; no redistribution,ICAR Route 66,Do not use as a traceable drawing substrate.
ca-mirabel-icar-route-66-dmcc-2024-venue,ca-mirabel-icar-route-66-dmcc-2024,venue-map-only,A,OpenStreetMap context search — ICAR Route 66,OpenStreetMap contributors,https://www.openstreetmap.org/search?query=ICAR%20Route%2066%2C%20Mirabel%2C%20Canada,,2026-08-17,map context only; resolve stable OSM object/relation before geometry extraction,venue/street context only; does not prove the drift competition course,ODbL; attribution required for derived geometry,OpenStreetMap,Explicitly prohibited as sole evidence of the actual competition route.
jp-oyama-fuji-speedway-d1gp-2016-route-1,jp-oyama-fuji-speedway-d1gp-2016,competition-course,A,D1GP Fuji 2016 spectator manual,VIDEO OPTION,https://www.youtube.com/watch?v=fDO_DzXY1ew,,2026-08-17,full programme or complete clip; repeated complete judged runs; exact frame timecode to be pinned during blind review,"event identity, actual judged segment, start-to-finish order and direction as visible/described",reference-only; no redistribution,VIDEO OPTION,Do not use as a traceable drawing substrate.
jp-oyama-fuji-speedway-d1gp-2016-identity,jp-oyama-fuji-speedway-d1gp-2016,event-identity,S,Official 2016 schedule,official organizer / sanctioning body,https://www.d1gp.co.jp/03_sche/gp2016/gp2016_index.html,,2026-08-17,named event/round/venue section,"event name, year, round, venue and organized competition status",reference-only,official identity,
jp-oyama-fuji-speedway-d1gp-2016-venue,jp-oyama-fuji-speedway-d1gp-2016,venue-map-only,A,OpenStreetMap context search — Fuji Speedway,OpenStreetMap contributors,https://www.openstreetmap.org/search?query=Fuji%20Speedway%2C%20Oyama%2C%20Japan,,2026-08-17,map context only; resolve stable OSM object/relation before geometry extraction,venue/street context only; does not prove the drift competition course,ODbL; attribution required for derived geometry,OpenStreetMap,Explicitly prohibited as sole evidence of the actual competition route.
th-bangkok-d1-thailand-temporary-venue-d1-grand-prix-thailand-2012-route-1,th-bangkok-d1-thailand-temporary-venue-d1-grand-prix-thailand-2012,competition-course,B,D1 Japan vs Thailand 2012,TunerConcept,https://www.youtube.com/watch?v=gull08O0k4g,,2026-08-17,full programme or complete clip; repeated complete judged runs; exact frame timecode to be pinned during blind review,"event identity, actual judged segment, start-to-finish order and direction as visible/described",reference-only; no redistribution,TunerConcept,Do not use as a traceable drawing substrate.
th-bangkok-d1-thailand-temporary-venue-d1-grand-prix-thailand-2012-route-2,th-bangkok-d1-thailand-temporary-venue-d1-grand-prix-thailand-2012,competition-course corroboration,B,D1GP Thailand 2012 event film,JiewRock,https://www.youtube.com/watch?v=ScJdKQWJ57E,,2026-08-17,00:00–07:31 independent event footage,independent corroboration of course sequence and/or event identity,reference-only; no redistribution,JiewRock,Required where the primary route source is B tier.
th-bangkok-d1-thailand-temporary-venue-d1-grand-prix-thailand-2012-venue,th-bangkok-d1-thailand-temporary-venue-d1-grand-prix-thailand-2012,venue-map-only,A,OpenStreetMap context search — D1 Thailand temporary venue,OpenStreetMap contributors,https://www.openstreetmap.org/search?query=D1%20Thailand%20temporary%20venue%2C%20Bangkok%2C%20Thailand,,2026-08-17,map context only; resolve stable OSM object/relation before geometry extraction,venue/street context only; does not prove the drift competition course,ODbL; attribution required for derived geometry,OpenStreetMap,Explicitly prohibited as sole evidence of the actual competition route.
gb-lochgelly-driftland-drift-league-gb-2024-route-1,gb-lochgelly-driftland-drift-league-gb-2024,competition-course,B,Drift League GB 2024 Driftland,CPC Motorsport Media,https://www.youtube.com/watch?v=zgNeaoSoqsQ,,2026-08-17,full programme or complete clip; repeated complete judged runs; exact frame timecode to be pinned during blind review,"event identity, actual judged segment, start-to-finish order and direction as visible/described",reference-only; no redistribution,CPC Motorsport Media,Do not use as a traceable drawing substrate.
gb-lochgelly-driftland-drift-league-gb-2024-route-2,gb-lochgelly-driftland-drift-league-gb-2024,competition-course corroboration,B,Driftland event coverage,Drift4you,https://www.youtube.com/watch?v=mxPium1DxOc,,2026-08-17,00:00–08:28 independent event footage,independent corroboration of course sequence and/or event identity,reference-only; no redistribution,Drift4you,Required where the primary route source is B tier.
gb-lochgelly-driftland-drift-league-gb-2024-venue,gb-lochgelly-driftland-drift-league-gb-2024,venue-map-only,A,OpenStreetMap context search — Driftland,OpenStreetMap contributors,https://www.openstreetmap.org/search?query=Driftland%2C%20Lochgelly%2C%20United%20Kingdom,,2026-08-17,map context only; resolve stable OSM object/relation before geometry extraction,venue/street context only; does not prove the drift competition course,ODbL; attribution required for derived geometry,OpenStreetMap,Explicitly prohibited as sole evidence of the actual competition route.
jp-murata-sportsland-sugo-d1gp-2006-route-1,jp-murata-sportsland-sugo-d1gp-2006,competition-course,A,2006 D1GP Sugo Part 1,D1GP MOVIE CHANNEL,https://www.youtube.com/watch?v=4SqkaOB-Wzg,,2026-08-17,full programme or complete clip; repeated complete judged runs; exact frame timecode to be pinned during blind review,"event identity, actual judged segment, start-to-finish order and direction as visible/described",reference-only; no redistribution,D1GP MOVIE CHANNEL,Do not use as a traceable drawing substrate.
jp-murata-sportsland-sugo-d1gp-2006-venue,jp-murata-sportsland-sugo-d1gp-2006,venue-map-only,A,OpenStreetMap context search — Sportsland Sugo,OpenStreetMap contributors,https://www.openstreetmap.org/search?query=Sportsland%20Sugo%2C%20Murata%2C%20Japan,,2026-08-17,map context only; resolve stable OSM object/relation before geometry extraction,venue/street context only; does not prove the drift competition course,ODbL; attribution required for derived geometry,OpenStreetMap,Explicitly prohibited as sole evidence of the actual competition route.
ph-manila-quirino-grandstand-event-site-formula-drift-asia-2011-route-1,ph-manila-quirino-grandstand-event-site-formula-drift-asia-2011,competition-course,B,Formula Drift Asia Philippines event film,UltraRacing Official,https://www.youtube.com/watch?v=5jZPsmwfJ_E,,2026-08-17,full programme or complete clip; repeated complete judged runs; exact frame timecode to be pinned during blind review,"event identity, actual judged segment, start-to-finish order and direction as visible/described",reference-only; no redistribution,UltraRacing Official,Do not use as a traceable drawing substrate.
ph-manila-quirino-grandstand-event-site-formula-drift-asia-2011-route-2,ph-manila-quirino-grandstand-event-site-formula-drift-asia-2011,competition-course corroboration,B,Formula Drift Asia 2011 event footage,DriftingFromHell,https://www.youtube.com/watch?v=qAYUv5BvM_0,,2026-08-17,00:00–01:38 independent footage,independent corroboration of course sequence and/or event identity,reference-only; no redistribution,DriftingFromHell,Required where the primary route source is B tier.
ph-manila-quirino-grandstand-event-site-formula-drift-asia-2011-venue,ph-manila-quirino-grandstand-event-site-formula-drift-asia-2011,venue-map-only,A,OpenStreetMap context search — Quirino Grandstand event site,OpenStreetMap contributors,https://www.openstreetmap.org/search?query=Quirino%20Grandstand%20event%20site%2C%20Manila%2C%20Philippines,,2026-08-17,map context only; resolve stable OSM object/relation before geometry extraction,venue/street context only; does not prove the drift competition course,ODbL; attribution required for derived geometry,OpenStreetMap,Explicitly prohibited as sole evidence of the actual competition route.
pl-warsaw-pge-narodowy-drift-masters-2024-route-1,pl-warsaw-pge-narodowy-drift-masters-2024,competition-course,S,Drift Masters Poland 2024 Top 32,Drift Masters,https://www.youtube.com/watch?v=VRoDJ8jlSP0,,2026-08-17,full programme or complete clip; repeated complete judged runs; exact frame timecode to be pinned during blind review,"event identity, actual judged segment, start-to-finish order and direction as visible/described",reference-only; no redistribution,Drift Masters,Do not use as a traceable drawing substrate.
pl-warsaw-pge-narodowy-drift-masters-2024-venue,pl-warsaw-pge-narodowy-drift-masters-2024,venue-map-only,A,OpenStreetMap context search — PGE Narodowy,OpenStreetMap contributors,https://www.openstreetmap.org/search?query=PGE%20Narodowy%2C%20Warsaw%2C%20Poland,,2026-08-17,map context only; resolve stable OSM object/relation before geometry extraction,venue/street context only; does not prove the drift competition course,ODbL; attribution required for derived geometry,OpenStreetMap,Explicitly prohibited as sole evidence of the actual competition route.
